centre_name,address,postal_code,coordinates,latitude,longitude
Market Street Hawker Centre,50 Market Street,48940,"[103.850165, 1.284425, 0.0]",1.284425,103.850165
Marsiling Mall Hawker Centre,4 Woodlands Street 12,738623,"[103.779785, 1.433539, 0.0]",1.433539,103.779785
Margaret Drive Hawker Centre,38A Margaret Drive,142038,"[103.804715, 1.297486, 0.0]",1.297486,103.804715
Fernvale Hawker Centre & Market,21 Sengkang West Avenue,797650,"[103.87706, 1.391592, 0.0]",1.391592,103.87706
One Punggol Hawker Centre,1 Punggol Drive,828629,"[103.904806, 1.40819, 0.0]",1.40819,103.904806
Bukit Canberra Hawker Centre,21 Canberra Link,756973,"[103.822485, 1.449017, 0.0]",1.449017,103.822485
Senja Hawker Centre,2 Senja Close,677632,"[103.761018, 1.387136, 0.0]",1.387136,103.761018
Buangkok Hawker Centre,72 Compassvale Bow,544692,"[103.892403, 1.382388, 0.0]",1.382388,103.892403
Bukit Batok West Hawker Centre,469A Bukit Batok West Avenue 9,651469,"[103.741826, 1.355215, 0.0]",1.355215,103.741826
Telok Blangah Hawker Centre & Market,78C Telok Blangah Drive,103078,"[103.808079, 1.273249, 0.0]",1.273249,103.808079
Bedok North Street 3 Blk 538,538 Bedok North Street 3,460538,"[103.924844, 1.331781, 0.0]",1.331781,103.924844
Bedok North Street 4 Blk 85 (85 Fengshan Centre),85 Bedok North Street 4,460085,"[103.938733, 1.331987, 0.0]",1.331987,103.938733
Adam Road Food Centre,2 Adam Road,289876,"[103.814165, 1.324134, 0.0]",1.324134,103.814165
Aljunied Ave 2 Blk 117 (Blk 117 Aljunied Market and Food Centre),117 Aljunied Ave 2,380117,"[103.887019, 1.320648, 0.0]",1.320648,103.887019
Amoy Street Food Centre (Telok Ayer Food Centre), Telok Ayer Street,69111,"[103.846607, 1.279218, 0.0]",1.279218,103.846607
Ang Mo Kio Ave 1 Blk 226D (Kebun Baru Market and Food Centre),226D Ang Mo Kio Ave 1,564226,"[103.839231, 1.366788, 0.0]",1.366788,103.839231
Ang Mo Kio Ave 1 Blk 341 (Teck Ghee Court),341 Ang Mo Kio Ave 1,560341,"[103.848254, 1.364105, 0.0]",1.364105,103.848254
Ang Mo Kio Ave 10 Blk 409 (Teck Ghee Square),409 Ang Mo Kio Ave 10,560409,"[103.85537, 1.362769, 0.0]",1.362769,103.85537
Ang Mo Kio Ave 10 Blk 453A (Chong Boon Market and Food Centre),453A Ang Mo Kio Ave 10,561453,"[103.856351, 1.36824, 0.0]",1.36824,103.856351
Ang Mo Kio Ave 10 Blk 527 (Cheng San Market and Cooked Food Centre),527 Ang Mo Kio Ave 10,560527,"[103.854483, 1.37277, 0.0]",1.37277,103.854483
Ang Mo Kio Ave 4 Blk 160/162 (Mayflower Market),160/162 Ang Mo Kio Ave 4,560160,"[103.839214, 1.374489, 0.0]",1.374489,103.839214
Ang Mo Kio Ave 4 Blk 628 (Ang Mo Kio 628 Market),628 Ang Mo Kio Ave 4,560628,"[103.840682, 1.381025, 0.0]",1.381025,103.840682
Ang Mo Kio Ave 6 Blk 724 (Blk 724 Ang Mo Kio Market),724 Ang Mo Kio Ave 6,560724,"[103.846519, 1.372197, 0.0]",1.372197,103.846519
Ang Mo Kio Street 22 Blk 226H (Kebun Baru Food Centre),226H Ang Mo Kio Street 22,568226,"[103.839953, 1.36723, 0.0]",1.36723,103.839953
Bedok Food Centre,1 Bedok Road,469572,"[103.955474, 1.320356, 0.0]",1.320356,103.955474
Bedok North Street 1 Blk 216,216 Bedok North Street 1,460216,"[103.933222, 1.327062, 0.0]",1.327062,103.933222
Bedok North Street 3 Blk 511 (Kaki Bukit 511 Market and Food Centre),511 Bedok North Street 3,460511,"[103.930602, 1.333246, 0.0]",1.333246,103.930602
Bedok Reservoir Road Blk 630,630 Bedok Reservoir Road,470630,"[103.914054, 1.333159, 0.0]",1.333159,103.914054
Bedok South Road Blk 16,16 Bedok South Road,460016,"[103.935539, 1.320552, 0.0]",1.320552,103.935539
Bendemeer Road Blk 29 (Bendemeer Market and Food Centre),29 Bendemeer Road,330029,"[103.863021, 1.319217, 0.0]",1.319217,103.863021
Beo Crescent Market,38A Beo Crescent,169982,"[103.827358, 1.288822, 0.0]",1.288822,103.827358
Berseh Food Centre,166 Jalan Besar,208877,"[103.856854, 1.307337, 0.0]",1.307337,103.856854
Boon Lay Place Blk 221A/B (Boon Lay Place Market and Food Village),221A/B Boon Lay Place,641221,"[103.7128, 1.345223, 0.0]",1.345223,103.7128
Buffalo Road Blk 665 (Tekka Centre/Zhu Jiao Market),665 Buffalo Road,210665,"[103.850531, 1.306206, 0.0]",1.306206,103.850531
Bukit Merah Central Blk 163 (Bukit Merah Central Food Centre),163 Bukit Merah Central,150163,"[103.816992, 1.283693, 0.0]",1.283693,103.816992
Bukit Merah Lane 1 Blk 120 (Alexandra Village Food Centre),120 Bukit Merah Lane 1,150120,"[103.804489, 1.286298, 0.0]",1.286298,103.804489
Bukit Merah View Blk 115 (Blk 115 Bukit Merah View Market and Food Centre),115 Bukit Merah View,151115,"[103.822049, 1.285505, 0.0]",1.285505,103.822049
Bukit Panjang Hawker Centre,2 Bukit Panjang Ring Road,679947,"[103.77249, 1.377601, 0.0]",1.377601,103.77249
Bukit Timah Market,51 Upper Bukit Timah Road,588215,"[103.775995, 1.339376, 0.0]",1.339376,103.775995
Cambridge Road Blk 41A (Pek Kio Market and Food Centre),41A Cambridge Road,211041,"[103.850225, 1.31616, 0.0]",1.31616,103.850225
Changi Village Blk 2 and 3,2&3 Changi Village Road,500002,"[103.988246, 1.389152, 0.0]",1.389152,103.988246
Chomp Chomp Food Centre,20 Kensington Park Road,557269,"[103.866536, 1.364229, 0.0]",1.364229,103.866536
Ci Yuan Hawker Centre,51 Hougang Avenue 9,538776,"[103.882978, 1.375429, 0.0]",1.375429,103.882978
Circuit Road Blk 79/79A,79/79A Circuit Road,370079,"[103.885044, 1.32645, 0.0]",1.32645,103.885044
Circuit Road Blk 80 (80 Circuit Road Market and Food Centre),80 Circuit Road,370080,"[103.887129, 1.32785, 0.0]",1.32785,103.887129
Circuit Road Blk 89,89 Circuit Road,370089,"[103.885449, 1.323445, 0.0]",1.323445,103.885449
Clementi Ave 2 Blk 353 (Clementi Ave 2 Market/Cooked Food Centre),353 Clementi Ave 2,120353,"[103.770837, 1.314368, 0.0]",1.314368,103.770837
Clementi Ave 3 Blk 448,448 Clementi Ave 3,120448,"[103.764511, 1.313265, 0.0]",1.313265,103.764511
Clementi West Street 2 Blk 726,726 Clementi West Street 2,120726,"[103.764264, 1.303782, 0.0]",1.303782,103.764264
Commonwealth Crescent Market,31 Commonwealth Crescent,149644,"[103.800363, 1.306892, 0.0]",1.306892,103.800363
Commonwealth Drive Blk 1A/2A/3A (Tanglin Halt Food Centre/Commonwealth Drive Food Centre),1A/2A/3A Commonwealth Drive,141001,"[103.797875, 1.299713, 0.0]",1.299713,103.797875
Dunman Food Centre,271 Onan Road,424768,"[103.901825, 1.309414, 0.0]",1.309414,103.901825
East Coast Lagoon Food Village,1220 East Coast Parkway,468960,"[103.935017, 1.306684, 0.0]",1.306684,103.935017
Empress Road Blk 7 (Empress Road Market and Food Centre),7 Empress Road,260007,"[103.805636, 1.316246, 0.0]",1.316246,103.805636
Geylang Bahru Blk 69 (Blk 69 Geylang Bahru Market and Food Centre),69 Geylang Bahru,330069,"[103.870004, 1.321462, 0.0]",1.321462,103.870004
Geylang Serai Market, Geylang Serai,402001,"[103.898224, 1.316728, 0.0]",1.316728,103.898224
Ghim Moh Road Blk 20,20 Ghim Moh Road,270020,"[103.788231, 1.310996, 0.0]",1.310996,103.788231
Golden Mile Food Centre,505 Beach Road,199583,"[103.863883, 1.302875, 0.0]",1.302875,103.863883
Haig Road Blk 13/14 (Haig Road Market and Cooked Food Centre),13/14 Haig Road,430013,"[103.895609, 1.315142, 0.0]",1.315142,103.895609
Havelock Road Blk 22A/B (Havelock Road Cooked Food Centre),22A/B Havelock Road,161022,"[103.829627, 1.287975, 0.0]",1.287975,103.829627
Hawker Centre @ Our Tampines Hub,1 Tampines Walk,528523,"[103.939726, 1.353862, 0.0]",1.353862,103.939726
Shunfu Road Blk 320 (Shunfu Mart),320 Shunfu Road,570320,"[103.837032, 1.352007, 0.0]",1.352007,103.837032
Sims Place Blk 49 (Sims Vista Market and Food Centre),49 Sims Place,380049,"[103.879417, 1.317083, 0.0]",1.317083,103.879417
Smith Street Blk 335 (Chinatown Complex Market),335 Smith Street,50335,"[103.843178, 1.282235, 0.0]",1.282235,103.843178
Taman Jurong Market and Food Centre,3 Yung Sheng Road,618499,"[103.72152, 1.334589, 0.0]",1.334589,103.72152
Tampines Street 11 Blk 137 (Tampines Round Market and Food Centre),137 Tampines Street 11,521137,"[103.944624, 1.34564, 0.0]",1.34564,103.944624
Tanglin Halt Market,48A Tanglin Halt Road,148813,"[103.797626, 1.300789, 0.0]",1.300789,103.797626
Tanjong Pagar Plaza Blk 6 (Blk 6 Tanjong Pagar Plaza Market and Food Centre),6 Tanjong Pagar Plaza,81006,"[103.843167, 1.276615, 0.0]",1.276615,103.843167
Teban Gardens Road Blk 37A (Teban Gardens Market and Food Centre),37A Teban Gardens Road,601037,"[103.742892, 1.320848, 0.0]",1.320848,103.742892
Telok Blangah Crescent Blk 11 (11 Telok Blangah Crescent Market and Food Centre),11 Telok Blangah Crescent,90011,"[103.818642, 1.277367, 0.0]",1.277367,103.818642
Eunos Crescent Blk 4A,4A Eunos Crescent,402004,"[103.904261, 1.320332, 0.0]",1.320332,103.904261
Telok Blangah Drive Blk 79 (Telok Blangah Food Centre),79 Telok Blangah Drive,100079,"[103.807627, 1.273368, 0.0]",1.273368,103.807627
Zion Riverside Food Centre,70 Zion Road,247792,"[103.831189, 1.292342, 0.0]",1.292342,103.831189
Woodleigh Village Hawker Centre,202C Woodleigh Link,363202,"[103.87209, 1.339796, 0.0]",1.339796,103.87209
Anchorvale Village Hawker Centre,339 Anchorvale Road,540339,"[103.88849, 1.396914, 0.0]",1.396914,103.88849
Punggol Digital District Hawker Centre, Ponggol Seventeenth Avenue,,"[103.908253, 1.414567, 0.0]",1.414567,103.908253
Holland Drive Blk 44 (Holland Drive Market and Food Centre),44 Holland Drive,270044,"[103.792774, 1.308118, 0.0]",1.308118,103.792774
Holland Village Market and Food Centre,1 Lorong Mambong,277700,"[103.794863, 1.310908, 0.0]",1.310908,103.794863
Hougang Ave 1 Blk 105 (Hougang 105 Hainanese Village Centre),105 Hougang Ave 1,530105,"[103.890081, 1.353837, 0.0]",1.353837,103.890081
Hougang Street 21 Blk 209 (Kovan Hougang Market and Food Centre),209 Hougang Street 21,530209,"[103.885978, 1.359119, 0.0]",1.359119,103.885978
Jalan Batu Blk 4A (Blk 4A Jalan Batu Hawker Centre/Market),4A Jalan Batu,432004,"[103.883941, 1.302419, 0.0]",1.302419,103.883941
Jalan Bukit Merah Blk 112 (Blk 112 Jalan Bukit Merah Market and Food Centre),112 Jalan Bukit Merah,160112,"[103.826013, 1.280005, 0.0]",1.280005,103.826013
Jalan Bukit Merah Blk 6 (ABC Brickworks Market/Food Centre),6 Jalan Bukit Merah,150006,"[103.808128, 1.286953, 0.0]",1.286953,103.808128
Jalan Kukoh Blk 1 (Kukoh 21 Food Centre),1 Jalan Kukoh,161001,"[103.839946, 1.288231, 0.0]",1.288231,103.839946
Jurong East Ave 1 Blk 347 (Yuhua Market and Hawker Centre),347 Jurong East Ave 1,600347,"[103.73158, 1.345312, 0.0]",1.345312,103.73158
Jurong East Street 24 Blk 254 (Yuhua Village Market and Food Centre),254 Jurong East Street 24,600254,"[103.737781, 1.343442, 0.0]",1.343442,103.737781
Jurong West Hawker Centre,50 Jurong West Street 61,648202,"[103.697404, 1.34126, 0.0]",1.34126,103.697404
Jurong West Street 52 Blk 505,505 Jurong West Street 52,640505,"[103.718448, 1.349642, 0.0]",1.349642,103.718448
Kallang Estate Fresh Market and Food Centre,17 Old Airport Road,397972,"[103.88413, 1.307396, 0.0]",1.307396,103.88413
Redhill Lane Blk 85 (Redhill Food Centre),85 Redhill Lane,150085,"[103.818339, 1.287331, 0.0]",1.287331,103.818339
Kampung Admiralty Hawker Centre,676 Woodlands Drive 71,730676,"[103.800696, 1.439933, 0.0]",1.439933,103.800696
Marine Parade Central Blk 84 (84 Marine Parade Central Market and Food Centre),84 Marine Parade Central,440084,"[103.906339, 1.302285, 0.0]",1.302285,103.906339
Marine Terrace Blk 50A (50A Marine Terrace),50A Marine Terrace,441050,"[103.915762, 1.305775, 0.0]",1.305775,103.915762
Marsiling Lane Blk 20/21,20/21 Marsiling Lane,730020,"[103.777203, 1.443882, 0.0]",1.443882,103.777203
Maxwell Food Centre (Kim Hua Market),1 Kadayanallur Street,69184,"[103.844828, 1.280112, 0.0]",1.280112,103.844828
Mei Chin Road Blk 159 (Mei Chin Road Market),159 Mei Chin Road,140159,"[103.802904, 1.293236, 0.0]",1.293236,103.802904
New Market Road Blk 32 (People's Park Food Centre),32 New Market Road,50032,"[103.842579, 1.284991, 0.0]",1.284991,103.842579
New Upper Changi Road Blk 208B,208B New Upper Changi Road,462208,"[103.93056, 1.324739, 0.0]",1.324739,103.93056
New Upper Changi Road Blk 58,58 New Upper Changi Road,461058,"[103.941132, 1.324188, 0.0]",1.324188,103.941132
Newton Food Centre,500 Clemenceau Ave North,229495,"[103.839563, 1.311892, 0.0]",1.311892,103.839563
North Bridge Road Market,861 North Bridge Road,198783,"[103.863891, 1.305765, 0.0]",1.305765,103.863891
Old Airport Road Blk 51 (51 Old Airport Road Food Centre and Shopping Mall),51 Old Airport Road,390051,"[103.885833, 1.308252, 0.0]",1.308252,103.885833
Pasir Panjang Food Centre,121 Pasir Panjang Road,118543,"[103.791403, 1.275908, 0.0]",1.275908,103.791403
Pasir Ris Central Hawker Centre,110 Pasir Ris Central,519641,"[103.951543, 1.373434, 0.0]",1.373434,103.951543
Queen Street Blk 270 (Albert Centre),270 Queen Street,180270,"[103.854212, 1.301001, 0.0]",1.301001,103.854212
Redhill Lane Blk 79 (Redhill Market),79 Redhill Lane,150079,"[103.818403, 1.287858, 0.0]",1.287858,103.818403
Sembawang Hills Food Centre (Jalan Leban Food Centre),590 Upper Thomson Road,574419,"[103.828994, 1.372385, 0.0]",1.372385,103.828994
Serangoon Garden Market,49A Serangoon Garden Way,555945,"[103.866737, 1.363157, 0.0]",1.363157,103.866737
Telok Blangah Drive Blk 82 (Telok Blangah Market),82 Telok Blangah Drive,100082,"[103.807944, 1.273914, 0.0]",1.273914,103.807944
Telok Blangah Rise Blk 36 (Telok Blangah Rise Market),36 Telok Blangah Rise,90036,"[103.822117, 1.272716, 0.0]",1.272716,103.822117
Tiong Bahru Market,30 Seng Poh Road,168898,"[103.832349, 1.285088, 0.0]",1.285088,103.832349
Toa Payoh Lorong 1 Blk 127 (Toa Payoh West Market and Food Court),127 Lorong 1 Toa Payoh,310127,"[103.844732, 1.338093, 0.0]",1.338093,103.844732
Toa Payoh Lorong 4 Blk 74 (Toa Payoh Vista Market),74 Lorong 4 Toa Payoh,310074,"[103.851999, 1.334548, 0.0]",1.334548,103.851999
Toa Payoh Lorong 4 Blk 93,93 Lorong 4 Toa Payoh,310093,"[103.849513, 1.338475, 0.0]",1.338475,103.849513
Toa Payoh Lorong 5 Blk 75,75 Lorong 5 Toa Payoh,310075,"[103.852942, 1.336039, 0.0]",1.336039,103.852942
Toa Payoh Lorong 7 Blk 22 (Kim Keat Palm Market and Food Centre),22 Lorong 7 Toa Payoh,310022,"[103.857036, 1.335231, 0.0]",1.335231,103.857036
Toa Payoh Lorong 8 Blk 210,210 Lorong 8 Toa Payoh,310210,"[103.854395, 1.340261, 0.0]",1.340261,103.854395
Upper Boon Keng Road Blk 17 (Blk 17 Upper Boon Keng Market and Food Centre),17 Upper Boon Keng Road,380017,"[103.87162, 1.315028, 0.0]",1.315028,103.87162
Upper Cross Street Blk 531A (Hong Lim Food Centre and Market),531A Upper Cross Street,51531,"[103.845819, 1.285246, 0.0]",1.285246,103.845819
West Coast Drive Blk 502 (Ayer Rajah Market),502 West Coast Drive,120502,"[103.759166, 1.31189, 0.0]",1.31189,103.759166
West Coast Drive Blk 503 (Ayer Rajah Food Centre),503 West Coast Drive,120503,"[103.759751, 1.311803, 0.0]",1.311803,103.759751
Whampoa Drive Blk 90 (Whampoa Drive Makan Place/Whampoa Food Centre),90 Whampoa Drive,320090,"[103.855138, 1.322943, 0.0]",1.322943,103.855138
Whampoa Drive Blk 91/92 (Whampoa Drive Makan Place/Whampoa Market),91/92 Whampoa Drive,320091,"[103.854068, 1.323422, 0.0]",1.323422,103.854068
Yishun Park Hawker Centre,51 Yishun Avenue 11,768867,"[103.844748, 1.425018, 0.0]",1.425018,103.844748
Yishun Ring Road Blk 104/105 (Chong Pang Market and Food Centre),104/105 Yishun Ring Road,760104,"[103.828538, 1.431448, 0.0]",1.431448,103.828538
Blk 75 Toa Payoh Lorong 5,"Blk 75, Lorong 5 Toa Payoh, S(310075)",310075,"[103.852957, 1.336021, 0.0]",1.336021,103.852957
Blk 79 Redhill Lane,"Blk 79, Redhill Lane, S(150079)",150079,"[103.818334, 1.287783, 0.0]",1.287783,103.818334
Blk 79 Telok Blangah Drive,"Blk 79, Telok Blangah Drive, S(100079)",100079,"[103.807622, 1.273365, 0.0]",1.273365,103.807622
Blk 80 Circuit Road,"Blk 80, Circuit Road, S(370080)",370080,"[103.887103, 1.327834, 0.0]",1.327834,103.887103
Blk 82 Telok Blangah Drive,"Blk 82, Telok Blangah Drive, S(100082)",100082,"[103.807901, 1.273891, 0.0]",1.273891,103.807901
Blk 84 Marine Parade Central,"Blk 84, Marine Parade Central, S(440084)",440084,"[103.906339, 1.302285, 0.0]",1.302285,103.906339
Blk 85 Bedok North Street 4,"Blk 85, Bedok North Street 4, S(460085)",460085,"[103.938715, 1.332058, 0.0]",1.332058,103.938715
Blk 85 Redhill Lane,"Blk 85, Redhill Lane, S(150085)",150085,"[103.818311, 1.287308, 0.0]",1.287308,103.818311
Blk 89 Circuit Road,"Blk 89, Circuit Road, S(370089)",370089,"[103.885439, 1.32358, 0.0]",1.32358,103.885439
Blk 90 Whampoa Drive,"Blk 90, Whampoa Drive, S(320090)",320090,"[103.854995, 1.323064, 0.0]",1.323064,103.854995
Blk 93 Toa Payoh Lorong 4,"Blk 93, Lorong 4 Toa Payoh, S(310093)",310093,"[103.849485, 1.338417, 0.0]",1.338417,103.849485
Blks 13/14 Haig Road,"Blk 13/14, Haig Road, S(430013/430014)",430013,"[103.895588, 1.315109, 0.0]",1.315109,103.895588
Blks 160/162 Ang Mo Kio Ave 4,"Blk 160/162, Ang Mo Kio Ave 4, S(560160/560162)",560160,"[103.838977, 1.374283, 0.0]",1.374283,103.838977
Blks 1A/ 2A/ 3A Commonwealth Drive,"Blk 1A/ 2A/ 3A, Commonwealth Drive, S(141001/141002/141003)",141001,"[103.797836, 1.299731, 0.0]",1.299731,103.797836
Blks 20/21 Marsiling Lane,"Blk 20/21, Marsiling Lane, S(730020/730021)",730020,"[103.776967, 1.443405, 0.0]",1.443405,103.776967
Blks 221 A/B Boon Lay Place,"Blk 221A/B, Boon Lay Place, S(641221/642221)",641221,"[103.712801, 1.345224, 0.0]",1.345224,103.712801
Blks 22A/B Havelock Road,"Blk 22A/B, Havelock Road, S(161022/162022)",161022,"[103.829623, 1.287971, 0.0]",1.287971,103.829623
Blks 91/92 Whampoa Drive,"Blk 91/92, Whampoa Drive, S(320091/320092)",320091,"[103.85406, 1.323428, 0.0]",1.323428,103.85406
Chinatown Market,"Blk 335, Smith Street, S(050335)",50335,"[103.84316, 1.282272, 0.0]",1.282272,103.84316
Chong Pang Market & Food Centre,"Blk 104/105, Yishun Ring Road, S(760104/760105)",760104,"[103.82842, 1.431527, 0.0]",1.431527,103.82842
Kovan Market & Food Centre,"Blk 209, Hougang Street 21, S(530209)",530209,"[103.886055, 1.359084, 0.0]",1.359084,103.886055
Pek Kio Market & Food Centre,"Blk 41A, Cambridge Road, S(211041)",211041,"[103.850225, 1.31616, 0.0]",1.31616,103.850225
People's Park Food Centre,"Blk 32, New Market Road, S(050032)",50032,"[103.842342, 1.284735, 0.0]",1.284735,103.842342
Quality Road Food Centre,"45, Quality Road, S(618824)",618824,"[103.710477, 1.333252, 0.0]",1.333252,103.710477
Tekka Market,"Blk 665, Buffalo Road, S(210665)",210665,"[103.85061, 1.306178, 0.0]",1.306178,103.85061
Commonwealth Crescent Market,"31, Commonwealth Crescent, S(149644)",149644,"[103.800356, 1.306995, 0.0]",1.306995,103.800356
Adam Road Food Centre,"2, Adam Road, S(289876)",289876,"[103.81408, 1.324135, 0.0]",1.324135,103.81408
Alexandra Village Food Centre,"Blk 120, Bukit Merah Lane 1, S(150120)",150120,"[103.804489, 1.286298, 0.0]",1.286298,103.804489
Amoy Street Food Centre,"National Development Building, Annex B, Telok Ayer Street, S(069111)",69111,"[103.846607, 1.279218, 0.0]",1.279218,103.846607
Serangoon Garden Market,"49A, Serangoon Garden Way, S(555945)",555945,"[103.866725, 1.363085, 0.0]",1.363085,103.866725
Taman Jurong Market & Food Centre,"3, Yung Sheng Road, S(618499)",618499,"[103.72152, 1.334589, 0.0]",1.334589,103.72152
Tanglin Halt Market,"48A, Tanglin Halt Road, S(148813)",148813,"[103.797719, 1.300558, 0.0]",1.300558,103.797719
Tiong Bahru Market,"30, Seng Poh Road, S(168898)",168898,"[103.832182, 1.284786, 0.0]",1.284786,103.832182
Zion Riverside Food Centre,"70, Zion Road, S(247792)",247792,"[103.831189, 1.292342, 0.0]",1.292342,103.831189
ABC Brickworks Market & Food Centre,"Blk 6, Jalan Bukit Merah, S(150006)",150006,"[103.808128, 1.286953, 0.0]",1.286953,103.808128
Albert Centre Market & Food Centre,"Blk 270, Queen Street, S(180270)",180270,"[103.854078, 1.301052, 0.0]",1.301052,103.854078
Ayer Rajah Food Centre 1,"73A, Ayer Rajah Crescent, S(139957)",139957,"[103.787481, 1.297407, 0.0]",1.297407,103.787481
Ayer Rajah Food Centre 3,"51A, Ayer Rajah Crescent, S(139956)",139956,"[103.788523, 1.2935, 0.0]",1.2935,103.788523
Blk 1 Jalan Kukoh,"Blk 1, Jalan Kukoh, S(161001)",161001,"[103.839934, 1.288231, 0.0]",1.288231,103.839934
Blk 105 Hougang Ave 1,"Blk 105, Hougang Ave 1, S(530105)",530105,"[103.890094, 1.353847, 0.0]",1.353847,103.890094
Blk 11 Telok Blangah Crescent,"Blk 11, Telok Blangah Crescent, S(090011)",90011,"[103.818642, 1.277367, 0.0]",1.277367,103.818642
Blk 115 Bukit Merah View,"Blk 115, Bukit Merah View, S(151115)",151115,"[103.821823, 1.285504, 0.0]",1.285504,103.821823
Blk 117 Aljunied Ave 2,"Blk 117, Aljunied Ave 2, S(380117)",380117,"[103.886774, 1.320781, 0.0]",1.320781,103.886774
Blk 127 Toa Payoh Lorong 1,"Blk 127, Lorong 1 Toa Payoh, S(310127)",310127,"[103.844732, 1.338093, 0.0]",1.338093,103.844732
Blk 137 Tampines Street 11,"Blk 137, Tampines Street 11, S(521137)",521137,"[103.944625, 1.34564, 0.0]",1.34564,103.944625
Blk 159 Mei Chin Road,"Blk 159, Mei Chin Road, S(140159)",140159,"[103.802904, 1.293236, 0.0]",1.293236,103.802904
Blk 16 Bedok South Road,"Blk 16, Bedok South Road, S(460016)",460016,"[103.935474, 1.320501, 0.0]",1.320501,103.935474
Blk 163 Bukit Merah Central,"Blk 163, Bukit Merah Central, S(150163)",150163,"[103.816992, 1.283693, 0.0]",1.283693,103.816992
Blk 20 Ghim Moh Road,"Blk 20, Ghim Moh Road, S(270020)",270020,"[103.78823, 1.310997, 0.0]",1.310997,103.78823
Blk 208B New Upper Changi Road,"Blk 208B, New Upper Changi Road, S(462208)",462208,"[103.930544, 1.324818, 0.0]",1.324818,103.930544
Blk 210 Toa Payoh Lorong 8,"Blk 210, Lorong 8 Toa Payoh, S(310210)",310210,"[103.854334, 1.340252, 0.0]",1.340252,103.854334
Blk 216 Bedok North Street 1,"Blk 216, Bedok North Street 1, S(460216)",460216,"[103.933222, 1.327062, 0.0]",1.327062,103.933222
Blk 22 Toa Payoh Lorong 7,"Blk 22, Lorong 7 Toa Payoh, S(310022)",310022,"[103.857004, 1.335383, 0.0]",1.335383,103.857004
Blk 503 West Coast Drive,"Blk 503, West Coast Drive, S(120503)",120503,"[103.759751, 1.311803, 0.0]",1.311803,103.759751
Blk 502 West  Coast Drive,"Blk 502, West Coast Drive, S(120502)",120502,"[103.759042, 1.311891, 0.0]",1.311891,103.759042
Bedok Food Centre,"1, Bedok Road, S(469572)",469572,"[103.955472, 1.320354, 0.0]",1.320354,103.955472
Beo Crescent Market,"38A, Beo Crescent, S(169982)",169982,"[103.827354, 1.288831, 0.0]",1.288831,103.827354
Berseh Food Centre,"166, Jalan Besar, S(208877)",208877,"[103.856854, 1.307337, 0.0]",1.307337,103.856854
Blk 112 Jalan Bukit Merah,"Blk 112, Jalan Bukit Merah, S(160112)",160112,"[103.826004, 1.280002, 0.0]",1.280002,103.826004
Blk 17 Upper Boon Keng Road,"Blk 17, Upper Boon Keng Road, S(380017)",380017,"[103.87162, 1.315028, 0.0]",1.315028,103.87162
Blk 353 Clementi Ave 2,"Blk 353, Clementi Ave 2, S(120353)",120353,"[103.770773, 1.314381, 0.0]",1.314381,103.770773
Blk 4A Eunos Crescent,"Blk 4A, Eunos Crescent, S(402004)",402004,"[103.904262, 1.320328, 0.0]",1.320328,103.904262
Blk 6 Tanjong Pagar Plaza,"Blk 6, Tanjong Pagar Plaza, S(081006)",81006,"[103.843167, 1.276615, 0.0]",1.276615,103.843167
Blks 79/79A Circuit Road,"Blks 79/79A, Circuit Road, S(370079/371079)",370079,"[103.885044, 1.32645, 0.0]",1.32645,103.885044
Blks 2 & 3 Changi Village Road,"Blk 2/3, Changi Village Road, S(500002/500003)",500002,"[103.988245, 1.389152, 0.0]",1.389152,103.988245
Bukit Timah Market,"51, Upper Bukit Timah Road, S(588215)",588215,"[103.776007, 1.339452, 0.0]",1.339452,103.776007
Chomp Chomp Food Centre,"20, Kensington Park Road, S(557269)",557269,"[103.866527, 1.364233, 0.0]",1.364233,103.866527
Dunman Food Centre,"271, Onan Road, S(424768)",424768,"[103.901825, 1.309414, 0.0]",1.309414,103.901825
East Coast Lagoon Food Village,"1220, East Coast Parkway, S(468960)",468960,"[103.9348, 1.307261, 0.0]",1.307261,103.9348
Geylang Serai Market,"1, Geylang Serai, S(402001)",402001,"[103.897977, 1.316725, 0.0]",1.316725,103.897977
Golden Mile Food Centre,"505, Beach Road, S(199583)",199583,"[103.863877, 1.303142, 0.0]",1.303142,103.863877
Blk 44 Holland Drive,"Blk 44, Holland Drive, S(270044)",270044,"[103.792774, 1.308118, 0.0]",1.308118,103.792774
Holland Village Market & Food Centre,"1, Lorong Mambong, S(277700)",277700,"[103.794834, 1.311149, 0.0]",1.311149,103.794834
Hong Lim Market & Food Centre,"Blk 531A, Upper Cross Street, S(051531)",51531,"[103.845824, 1.285299, 0.0]",1.285299,103.845824
Kallang Estate Market,"17, Old Airport Road, S(397972)",397972,"[103.884018, 1.307344, 0.0]",1.307344,103.884018
Market Street Food Centre,"50, Market Street, Golden Shoe Multi-Storey Car Park, 2nd/3rd Storey S(048940)",48940,"[103.849984, 1.283885, 0.0]",1.283885,103.849984
Maxwell Food Centre,"1, Kadayanallur Street, S(069184)",69184,"[103.844734, 1.28033, 0.0]",1.28033,103.844734
Newton Food Centre,"500, Clemenceau Ave North, S(229495)",229495,"[103.839412, 1.312186, 0.0]",1.312186,103.839412
North Bridge Road Market & Food Centre,"861, North Bridge Road, S(198783)",198783,"[103.863909, 1.305634, 0.0]",1.305634,103.863909
Pasir Panjang Food Centre,"121, Pasir Panjang Road, S(118543)",118543,"[103.791403, 1.275908, 0.0]",1.275908,103.791403
Sembawang Hills Food Centre,"590, Upper Thomson Road, S(574419)",574419,"[103.828993, 1.372384, 0.0]",1.372384,103.828993
Blk 226D Ang Mo Kio Ave 1,"Blk 226D, Ang Mo Kio Ave 1, S(564226)",564226,"[103.839143, 1.36681, 0.0]",1.36681,103.839143
Blk 226H Ang Mo Kio Street 22,"Blk 226H, Ang Mo Kio Street 22, S(568226)",568226,"[103.840022, 1.367197, 0.0]",1.367197,103.840022
Blk 254 Jurong East Street 24,"Blk 254, Jurong East Street 24, S(600254)",600254,"[103.737738, 1.343488, 0.0]",1.343488,103.737738
Blk 29 Bendemeer Road,"Blk 29, Bendemeer Road, S(330029)",330029,"[103.863021, 1.319217, 0.0]",1.319217,103.863021
Blk 320 Shunfu Road,"Blk 320, Shunfu Road, S(570320)",570320,"[103.836965, 1.352026, 0.0]",1.352026,103.836965
Blk 341 Ang Mo Kio Ave 1,"Blk 341, Ang Mo Kio Ave 1, S(560341)",560341,"[103.848067, 1.363845, 0.0]",1.363845,103.848067
Blk 347 Jurong East Ave 1,"Blk 347, Jurong East Ave 1, S(600347)",600347,"[103.731145, 1.345188, 0.0]",1.345188,103.731145
Blk 36 Telok Blangah Rise,"Blk 36, Telok Blangah Rise, S(090036)",90036,"[103.821998, 1.272589, 0.0]",1.272589,103.821998
Blk 37A Teban Gardens Road,"Blk 37A, Teban Gardens Road, S(601037)",601037,"[103.742747, 1.320832, 0.0]",1.320832,103.742747
Blk 409 Ang Mo Kio Ave 10,"Blk 409, Ang Mo Kio Ave 10, S(560409)",560409,"[103.855288, 1.362654, 0.0]",1.362654,103.855288
Blk 448 Clementi Ave 3,"Blk 448, Clementi Ave 3, S(120448)",120448,"[103.764517, 1.31332, 0.0]",1.31332,103.764517
Blk 453A Ang Mo Kio Ave 10,"Blk 453A, Ang Mo Kio Ave 10, S(561453)",561453,"[103.856309, 1.368251, 0.0]",1.368251,103.856309
Blk 49 Sims Place,"Blk 49, Sims Place, S(380049)",380049,"[103.87931, 1.317035, 0.0]",1.317035,103.87931
Blk 4A Jalan Batu,"Blk 4A, Jalan Batu, S(432004)",432004,"[103.88391, 1.302345, 0.0]",1.302345,103.88391
Blk 4A Woodlands Centre Road,"Blk 4A, Woodlands Centre Road, S(731004)",731004,"[103.770077, 1.441084, 0.0]",1.441084,103.770077
Blk 505 Jurong West Street 52,"Blk 505, Jurong West Street 52, S(640505)",640505,"[103.718444, 1.349657, 0.0]",1.349657,103.718444
Blk 50A Marine Terrace,"Blk 50A, Marine Terrace, S(441050)",441050,"[103.915737, 1.30573, 0.0]",1.30573,103.915737
Blk 51 Old Airport Road,"Blk 51, Old Airport Road, S(390051)",390051,"[103.885732, 1.30811, 0.0]",1.30811,103.885732
Blk 511 Bedok North Street 3,"Blk 511, Bedok North Street 3, S(460511)",460511,"[103.930456, 1.333009, 0.0]",1.333009,103.930456
Blk 527 Ang Mo Kio Ave 10,"Blk 527, Ang Mo Kio Ave 10, S(560527)",560527,"[103.854458, 1.372772, 0.0]",1.372772,103.854458
Blk 538 Bedok North Street 3,"Blk 538, Bedok North Street 3, S(460538)",460538,"[103.924621, 1.332067, 0.0]",1.332067,103.924621
Blk 58 New Upper Changi Road,"Blk 58, New Upper Changi Road, S(461058)",461058,"[103.941125, 1.324201, 0.0]",1.324201,103.941125
Blk 628 Ang Mo Kio Ave 4,"Blk 628, Ang Mo Kio Ave 4, S(560628)",560628,"[103.840628, 1.380991, 0.0]",1.380991,103.840628
Blk 630 Bedok Reservoir Road,"Blk 630, Bedok Reservoir Road, S(470630)",470630,"[103.914054, 1.333159, 0.0]",1.333159,103.914054
Blk 69 Geylang Bahru,"Blk 69, Geylang Bahru, S(330069)",330069,"[103.870005, 1.321463, 0.0]",1.321463,103.870005
Blk 7 Empress Road,"Blk 7, Empress Road, S(260007)",260007,"[103.805636, 1.316246, 0.0]",1.316246,103.805636
Blk 724 Ang Mo Kio Ave 6,"Blk 724, Ang Mo Kio Ave 6, S(560724)",560724,"[103.84651, 1.372173, 0.0]",1.372173,103.84651
Blk 726 Clementi West Street 2,"Blk 726, Clementi West Street 2, S(120726)",120726,"[103.764251, 1.303811, 0.0]",1.303811,103.764251
Blk 74 Toa Payoh Lorong 4,"Blk 74, Lorong 4 Toa Payoh, S(310074)",310074,"[103.852004, 1.334551, 0.0]",1.334551,103.852004
