station_name,search_value,latitude,longitude,coordinates
KAKI BUKIT MRT STATION,ATM OCBC KAKI BUKIT MRT STATION,1.335038537,103.908776,"[103.908775991205, 1.33503853739157]"
BEDOK RESERVOIR MRT STATION,BEDOK RESERVOIR MRT STATION (DT30),1.33660783,103.9322346,"[103.932234623286, 1.33660782955099]"
BENCOOLEN MRT STATION,BENCOOLEN MRT STATION (DT21),1.298918434,103.8503538,"[103.850353762717, 1.29891843369422]"
TAMPINES WEST MRT STATION,ATM OCBC TAMPINES WEST MRT STATION,1.345633658,103.9384925,"[103.938492495285, 1.3456336579777]"
JALAN BESAR MRT STATION,JALAN BESAR MRT STATION (DT22),1.305171388,103.8552957,"[103.855295713435, 1.3051713878069]"
BENDEMEER MRT STATION,BENDEMEER MRT STATION (DT23),1.313672528,103.8629776,"[103.862977620945, 1.31367252847691]"
BEDOK NORTH MRT STATION,BEDOK NORTH MRT STATION (DT29),1.334742117,103.9179783,"[103.91797832995, 1.33474211664091]"
UPPER CHANGI MRT STATION,UPPER CHANGI MRT STATION (DT34),1.341739774,103.9614728,"[103.961472788634, 1.34173977444995]"
GEYLANG BAHRU MRT STATION,GEYLANG BAHRU MRT STATION (DT24),1.321301102,103.8716226,"[103.871622627142, 1.32130110228321]"
TAMPINES MRT STATION,TAMPINES EAST MRT STATION (DT33),1.356191483,103.9546345,"[103.9546344625, 1.35619148271544]"
SENJA LRT STATION,SENJA LRT STATION (BP13),1.382725471,103.7623443,"[103.76234425472, 1.38272547134453]"
YISHUN MRT STATION,ATM DBS YISHUN MRT STATION,1.429525229,103.8349951,"[103.834995141847, 1.42952522867762]"
SERANGOON MRT STATION,SERANGOON MRT STATION (CC13),1.350633615,103.8727717,"[103.872771660431, 1.35063361526525]"
TAI SENG MRT STATION,ATM DBS TAI SENG MRT STATION,1.335339993,103.8882654,"[103.888265446029, 1.33533999302463]"
EUNOS MRT STATION,ATM DBS EUNOS MRT STATION,1.319760658,103.903048,"[103.903047958324, 1.31976065808207]"
SEMBAWANG MRT STATION,ATM DBS SEMBAWANG MRT STATION,1.449026685,103.8201395,"[103.820139486468, 1.44902668521092]"
HOUGANG MRT STATION,ATM OCBC HOUGANG MRT STATION,1.370792149,103.8923217,"[103.892321656467, 1.37079214929041]"
CHANGI AIRPORT MRT STATION,CHANGI AIRPORT MRT STATION (CG2),1.357478974,103.9878836,"[103.98788356959, 1.35747897447692]"
OUTRAM PARK MRT STATION,OUTRAM PARK MRT STATION,1.280241533,103.8400521,"[103.840052100136, 1.2802415328084]"
MAXWELL MRT STATION,MAXWELL MRT STATION (TE18),1.280533298,103.8438837,"[103.843883670633, 1.28053329842878]"
SHENTON WAY MRT STATION,SHENTON WAY MRT STATION (TE19),1.277716828,103.8503676,"[103.850367596067, 1.2777168283425]"
MARINA BAY MRT STATION,ATM OCBC MARINA BAY MRT STATION,1.276427355,103.8545978,"[103.854597776754, 1.27642735476716]"
ORCHARD MRT STATION,ORCHARD BOULEVARD MRT STATION (TE13),1.302422248,103.8238685,"[103.823868523249, 1.30242224836722]"
STEVENS MRT STATION,STEVENS MRT STATION (DT10),1.320065558,103.8260244,"[103.826024401924, 1.32006555750626]"
HAVELOCK MRT STATION,HAVELOCK MRT STATION (TE16),1.28850524,103.8335858,"[103.833585838226, 1.28850523975311]"
CITY HALL MRT STATION,CITY HALL MRT STATION,1.292989907,103.8525426,"[103.852542630339, 1.29298990700923]"
SOO TECK LRT STATION,SOO TECK LRT STATION (PW7),1.405323319,103.8972905,"[103.897290522033, 1.40532331860455]"
DAMAI LRT STATION,DAMAI LRT STATION (PE7),1.405234836,103.9086035,"[103.908603542566, 1.40523483636957]"
GARDENS BY THE BAY MRT STATION,GARDENS BY THE BAY MRT STATION (TE22),1.278487259,103.8674547,"[103.867454664421, 1.27848725876303]"
MARINA SOUTH MRT STATION,MARINA SOUTH MRT STATION (TE21),1.274554759,103.8635743,"[103.863574321728, 1.27455475919137]"
ORCHARD BOULEVARD MRT STATION,ORCHARD BOULEVARD MRT STATION (TE13),1.302422248,103.8238685,"[103.823868523249, 1.30242224836722]"
GREAT WORLD MRT STATION,GREAT WORLD MRT STATION (TE15),1.293948162,103.8337208,"[103.833720837731, 1.29394816169384]"
NAPIER MRT STATION,NAPIER MRT STATION (TE12),1.306782234,103.8189568,"[103.818956796815, 1.30678223364785]"
OASIS LRT STATION,OASIS LRT STATION (PE6),1.40228668,103.9127274,"[103.912727352412, 1.40228667971123]"
KADALOOR LRT STATION,KADALOOR LRT STATION (PE5),1.399509106,103.916575,"[103.916574974234, 1.39950910636258]"
MERIDIAN LRT STATION,MERIDIAN LRT STATION (PE2),1.39691205,103.9089502,"[103.908950224489, 1.3969120498774]"
COVE LRT STATION,COVE LRT STATION (PE1),1.399281988,103.9059619,"[103.905961941214, 1.39928198837342]"
SOUTH VIEW LRT STATION,SOUTH VIEW LRT STATION (BP2),1.380298287,103.7452918,"[103.745291799824, 1.38029828742399]"
HOLLAND VILLAGE MRT STATION,ATM DBS HOLLAND VILLAGE MRT STATION,1.312264226,103.7964704,"[103.796470444998, 1.31226422601049]"
ONE-NORTH MRT STATION,ATM DBS ONE NORTH MRT STATION,1.299689535,103.7874128,"[103.787412789536, 1.29968953488969]"
DOVER MRT STATION,ATM DBS DOVER MRT STATION,1.311391537,103.7786564,"[103.778656381761, 1.31139153717332]"
BOON LAY MRT STATION,ATM OCBC BOON LAY MRT STATION,1.338530909,103.7059113,"[103.705911300383, 1.33853090899411]"
BUKIT BATOK MRT STATION,ATM DBS BUKIT BATOK MRT STATION,1.348710811,103.7493345,"[103.749334517338, 1.3487108105756]"
JOO KOON MRT STATION,ATM DBS JOO KOON MRT STATION,1.327694365,103.6780851,"[103.678085068438, 1.32769436492908]"
CHOA CHU KANG MRT STATION,ATM OCBC CHOA CHU KANG MRT STATION,1.314221698,103.8817525,"[103.881752470722, 1.31422169787868]"
KRANJI MRT STATION,ATM DBS KRANJI MRT STATION,1.425069063,103.7620994,"[103.762099449562, 1.4250690629411]"
MARSILING MRT STATION,ATM DBS MARSILING MRT STATION,1.432626035,103.7740512,"[103.774051197031, 1.43262603485889]"
HARBOURFRONT MRT STATION,ATM OCBC HARBOURFRONT MRT STATION,1.265389384,103.8215302,"[103.821530157095, 1.26538938429647]"
CHINATOWN MRT STATION,ATM UOB CHINATOWN NEL MRT STATION,1.284138052,103.8432931,"[103.843293088629, 1.28413805187231]"
CLARKE QUAY MRT STATION,ATM OCBC CLARKE QUAY MRT STATION,1.288710232,103.8466109,"[103.846610945684, 1.28871023151727]"
LITTLE INDIA MRT STATION,ATM OCBC LITTLE INDIA MRT STATION,1.307288824,103.8499224,"[103.849922418455, 1.3072888243648]"
SAM KEE LRT STATION,SAM KEE LRT STATION (PW1),1.409612685,103.9048316,"[103.904831550608, 1.40961268528804]"
RIVIERA LRT STATION,RIVIERA LRT STATION (PE4),1.394519785,103.9161694,"[103.916169381157, 1.39451978540251]"
CORAL EDGE LRT STATION,CORAL EDGE LRT STATION (PE3),1.393909229,103.9125808,"[103.912580845515, 1.39390922863313]"
MACPHERSON MRT STATION,ATM DBS MACPHERSON MRT STATION,1.325838758,103.8903128,"[103.890312834364, 1.32583875798262]"
TONGKANG LRT STATION,TONGKANG LRT STATION (SW7),1.389347947,103.8858442,"[103.885844150116, 1.38934794658941]"
RENJONG LRT STATION,RENJONG LRT STATION (SW8),1.38670059,103.8906213,"[103.89062131608, 1.38670058991904]"
RANGGUNG LRT STATION,RANGGUNG LRT STATION (SE5),1.384233559,103.8971947,"[103.897194667804, 1.38423355918277]"
KANGKAR LRT STATION,KANGKAR LRT STATION (SE4),1.383959117,103.9022254,"[103.90222537044, 1.38395911688913]"
BAKAU LRT STATION,BAKAU LRT STATION (SE3),1.387994311,103.9054153,"[103.905415300171, 1.38799431054768]"
RUMBIA LRT STATION,RUMBIA LRT STATION (SE2),1.391468495,103.9059736,"[103.90597359341, 1.39146849534132]"
KENT RIDGE MRT STATION,ATM OCBC KENT RIDGE MRT STATION,1.293563905,103.7845694,"[103.784569394529, 1.29356390505771]"
HAW PAR VILLA MRT STATION,ATM OCBC HAW PAR VILLA MRT STATION,1.282567769,103.7817884,"[103.781788386048, 1.28256776898814]"
PASIR PANJANG MRT STATION,PASIR PANJANG MRT STATION (CC26),1.276213522,103.7913503,"[103.791350313288, 1.27621352233766]"
LABRADOR PARK MRT STATION,ATM UOB LABRADOR PARK MRT CIRCLE LINE STATION,1.272227051,103.8027445,"[103.802744505566, 1.2722270505362]"
TELOK BLANGAH MRT STATION,ATM OCBC TELOK BLANGAH MRT STATION,1.270706478,103.8097616,"[103.809761611219, 1.27070647772509]"
TAN KAH KEE MRT STATION,TAN KAH KEE MRT STATION,1.326392241,103.8065482,"[103.806548201692, 1.32639224146351]"
CASHEW MRT STATION,CASHEW MRT STATION,1.369846014,103.7643151,"[103.764315051619, 1.36984601365741]"
SIXTH AVENUE MRT STATION,SIXTH AVENUE MRT STATION (DT7),1.330857645,103.7969068,"[103.796906838288, 1.33085764536226]"
KING ALBERT PARK MRT STATION,KING ALBERT PARK MRT STATION,1.335893496,103.7832359,"[103.783235863233, 1.335893496278]"
HILLVIEW MRT STATION,HILLVIEW MRT STATION,1.362888457,103.7677809,"[103.767780907707, 1.36288845715168]"
BUKIT PANJANG MRT STATION,ATM DBS BUKIT PANJANG MRT STATION,1.378612055,103.7614059,"[103.761405869523, 1.37861205530289]"
ROCHOR MRT STATION,ATM DBS ROCHOR MRT STATION,1.303852186,103.8527694,"[103.852769429428, 1.30385218555028]"
DOWNTOWN MRT STATION,DOWNTOWN MRT STATION (DT17),1.279446382,103.8528408,"[103.852840829581, 1.27944638178916]"
TELOK AYER MRT STATION,TELOK AYER MRT STATION (DT18),1.282068948,103.8486488,"[103.848648781083, 1.28206894769394]"
PIONEER MRT STATION,ATM DBS PIONEER MRT STATION,1.337563831,103.6976315,"[103.697631494536, 1.33756383090029]"
TANJONG PAGAR MRT STATION,TANJONG PAGAR MRT STATION (EW15),1.276561317,103.8457252,"[103.845725186759, 1.27656131737246]"
BUONA VISTA MRT STATION,ATM DBS BUONA VISTA MRT STATION,1.30726493,103.7900912,"[103.790091155395, 1.30726492984418]"
COMPASSVALE LRT STATION,COMPASSVALE LRT STATION (SE1),1.394493045,103.9004925,"[103.900492450944, 1.39449304450373]"
PUNGGOL POINT LRT STATION,PUNGGOL POINT LRT STATION (PW3),1.41684852,103.9066508,"[103.906650789313, 1.41684852031206]"
NIBONG LRT STATION,NIBONG LRT STATION (PW5),1.411854477,103.9003395,"[103.900339452055, 1.41185447744238]"
SUMANG LRT STATION,SUMANG LRT STATION (PW6),1.408452419,103.8985585,"[103.898558450395, 1.40845241943079]"
FARRER PARK MRT STATION,FARRER PARK MRT STATION,1.3131403,103.8547547,"[103.854754721344, 1.31314029963164]"
BOON KENG MRT STATION,ATM DBS BOON KENG MRT STATION,1.319596792,103.8617507,"[103.861750715496, 1.31959679168634]"
POTONG PASIR MRT STATION,ATM OCBC POTONG PASIR MRT STATION,1.331879714,103.8690579,"[103.869057877586, 1.3318797140041]"
NICOLL HIGHWAY MRT STATION,ATM DBS NICOLL HIGHWAY MRT STATION,1.29956843,103.8639777,"[103.863977721184, 1.29956843029404]"
BOTANIC GARDENS MRT STATION,ATM OCBC BOTANIC GARDENS MRT STATION,1.322190002,103.8151211,"[103.815121122527, 1.32219000242716]"
FARRER ROAD MRT STATION,FARRER ROAD MRT STATION (CC20),1.317439152,103.8073792,"[103.807379214161, 1.31743915158967]"
BAYFRONT MRT STATION,ATM UOB BAYFRONT MRT STATION,1.281873789,103.8590798,"[103.859079765146, 1.28187378851834]"
BEAUTY WORLD MRT STATION,ATM OCBC BEAUTY WORLD MRT STATION,1.341718464,103.7754136,"[103.775413562255, 1.34171846435096]"
BISHAN MRT STATION,ATM OCBC BISHAN MRT STATION,1.350812801,103.8481359,"[103.848135872252, 1.35081280069457]"
SENGKANG MRT STATION,ATM OCBC SENGKANG MRT STATION,1.391746133,103.8955082,"[103.895508171163, 1.39174613283898]"
PUNGGOL MRT STATION,ATM OCBC PUNGGOL MRT STATION,1.404397826,103.9020443,"[103.902044299842, 1.40439782602064]"
PUNGGOL LRT STATION,PUNGGOL LRT STATION (PTC),1.405194701,103.9024119,"[103.902411911915, 1.40519470149606]"
BUANGKOK MRT STATION,ATM OCBC BUANGKOK MRT STATION,1.382742361,103.8931585,"[103.893158528855, 1.38274236084393]"
BARTLEY MRT STATION,BARTLEY MRT STATION,1.342445438,103.8801971,"[103.880197087117, 1.3424454382925]"
LORONG CHUAN MRT STATION,ATM OCBC LORONG CHUAN MRT STATION,1.351639278,103.8639457,"[103.863945738773, 1.35163927757418]"
MARYMOUNT MRT STATION,ATM OCBC MARYMOUNT MRT STATION,1.348707263,103.8394231,"[103.839423132604, 1.34870726290354]"
DHOBY GHAUT MRT STATION,ATM UOB DHOBY GHAUT MRT STATION,1.298650438,103.8461561,"[103.846156122354, 1.29865043818251]"
CALDECOTT MRT STATION,CALDECOTT MRT STATION,1.337347223,103.8395441,"[103.839544077561, 1.33734722320212]"
EXPO MRT STATION,EXPO MRT STATION (CG1),1.334549778,103.9615482,"[103.961548211018, 1.33454977824817]"
ADMIRALTY MRT STATION,ADMIRALTY MRT STATION (NS10),1.440588562,103.8009905,"[103.800990519771, 1.44058856161847]"
ANG MO KIO MRT STATION,ANG MO KIO MRT STATION,1.36993285,103.8495581,"[103.849558091776, 1.36993284962264]"
KOVAN MRT STATION,ATM OCBC KOVAN MRT STATION,1.360397727,103.8855446,"[103.885544567028, 1.36039772654497]"
KEMBANGAN MRT STATION,ATM DBS KEMBANGAN MRT STATION,1.321047028,103.9129255,"[103.91292554527, 1.32104702761608]"
BEDOK MRT STATION,BEDOK MRT STATION (EW5),1.323979969,103.9299845,"[103.929984495066, 1.32397996868158]"
BRADDELL MRT STATION,ATM DBS BRADDELL MRT STATION,1.340604693,103.847231,"[103.847230970681, 1.34060469319581]"
TOA PAYOH MRT STATION,ATM DBS TOA PAYOH MRT STATION,1.332684091,103.8476089,"[103.847608851178, 1.3326840912586]"
NOVENA MRT STATION,ATM DBS NOVENA MRT STATION,1.320211007,103.8436568,"[103.843656761867, 1.32021100706836]"
WOODLEIGH MRT STATION,WOODLEIGH MRT STATION,1.339828246,103.8709609,"[103.87096088798, 1.33982824592182]"
SOMERSET MRT STATION,ATM DBS SOMERSET MRT STATION,1.300181132,103.8393111,"[103.839311084296, 1.30018113242454]"
BRAS BASAH MRT STATION,ATM DBS BRAS BASAH MRT STATION,1.296857344,103.8508366,"[103.850836643979, 1.29685734391919]"
ESPLANADE MRT STATION,CITY HALL/ESPLANADE MRT STATION EXIT A,1.291339907,103.8546095,"[103.854609475029, 1.29133990707454]"
BUKIT GOMBAK MRT STATION,ATM DBS BUKIT GOMBAK MRT STATION,1.358712162,103.7518838,"[103.751883836125, 1.35871216207818]"
LAKESIDE MRT STATION,ATM DBS LAKESIDE MRT STATION,1.344104775,103.7203019,"[103.720301861904, 1.34410477510373]"
BUKIT PANJANG LRT STATION,BUKIT PANJANG LRT STATION (BP6),1.377926946,103.7631029,"[103.763102931112, 1.37792694616982]"
SAMUDERA LRT STATION,SAMUDERA LRT STATION (PW4),1.415901722,103.9021563,"[103.902156317163, 1.41590172160383]"
TECK LEE LRT STATION,TECK LEE LRT STATION (PW2),1.412770894,103.9065776,"[103.906577622768, 1.4127708937463]"
PETIR LRT STATION,PETIR LRT STATION (BP7),1.377772043,103.7666458,"[103.766645782497, 1.37777204259082]"
PENDING LRT STATION,PENDING LRT STATION (BP8),1.376135743,103.7712612,"[103.771261175571, 1.37613574334988]"
BANGKIT LRT STATION,BANGKIT LRT STATION (BP9),1.38002223,103.7726474,"[103.772647370452, 1.38002223010088]"
FAJAR LRT STATION,FAJAR LRT STATION (BP10),1.384573177,103.7708872,"[103.770887223018, 1.38457317668026]"
SEGAR LRT STATION,SEGAR LRT STATION (BP11),1.387785087,103.7695997,"[103.769599685249, 1.38778508663361]"
JELAPANG LRT STATION,JELAPANG LRT STATION (BP12),1.38673927,103.7645341,"[103.76453408646, 1.38673926997961]"
TAMPINES EAST MRT STATION,TAMPINES EAST MRT STATION (DT33),1.356191483,103.9546345,"[103.9546344625, 1.35619148271544]"
BUGIS MRT STATION,ATM DBS BUGIS MRT STATION,1.300307183,103.855928,"[103.855928041431, 1.30030718298754]"
RAFFLES PLACE MRT STATION,RAFFLES PLACE MRT STATION,1.283933262,103.8514631,"[103.851463066212, 1.28393326234538]"
CHOA CHU KANG LRT STATION,CHOA CHU KANG LRT STATION (BP1),1.384755411,103.7445377,"[103.74453769781, 1.38475541089131]"
QUEENSTOWN MRT STATION,ATM DBS QUEENSTOWN MRT STATION,1.294193622,103.8061008,"[103.806100814457, 1.29419362236417]"
REDHILL MRT STATION,ATM DBS REDHILL MRT STATION,1.289348178,103.817044,"[103.817043991803, 1.28934817825579]"
COMMONWEALTH MRT STATION,ATM DBS COMMONWEALTH MRT STATION,1.302411622,103.7982994,"[103.79829942216, 1.30241162155935]"
TIONG BAHRU MRT STATION,ATM DBS TIONG BAHRU MRT STATION,1.286102536,103.8274451,"[103.827445112691, 1.28610253588403]"
NEWTON MRT STATION,ATM DBS NEWTON MRT STATION,1.312602086,103.8381499,"[103.838149921649, 1.31260208570591]"
LAVENDER MRT STATION,ATM DBS LAVENDER MRT STATION,1.307506571,103.8629385,"[103.86293845244, 1.30750657093807]"
KALLANG MRT STATION,ATM UOB KALLANG MRT STATION,1.311487328,103.8713473,"[103.871347274865, 1.31148732841247]"
ALJUNIED MRT STATION,ALJUNIED MRT STATION (EW9),1.316432612,103.882906,"[103.882906044385, 1.3164326118157]"
PROMENADE MRT STATION,ATM DBS PROMENADE MRT STATION,1.293073896,103.8610672,"[103.861067235865, 1.29307389602149]"
CHINESE GARDEN MRT STATION,ATM DBS CHINESE GARDEN MRT STATION,1.342244948,103.7327666,"[103.732766601621, 1.34224494823931]"
JURONG EAST MRT STATION,ATM DBS JURONG EAST MRT STATION,1.333295066,103.7421539,"[103.742153884191, 1.33329506563598]"
YEW TEE MRT STATION,ATM DBS NTUC YEW TEE MRT,1.397297711,103.7473577,"[103.74735767326, 1.39729771118639]"
KEAT HONG LRT STATION,KEAT HONG LRT STATION (BP3),1.378603251,103.7490557,"[103.749055668925, 1.3786032506373]"
TECK WHYE LRT STATION,TECK WHYE LRT STATION (BP4),1.376684679,103.7537122,"[103.753712232337, 1.37668467920808]"
PHOENIX LRT STATION,PHOENIX LRT STATION (BP5),1.378615451,103.7579956,"[103.757995558346, 1.37861545104083]"
GUL CIRCLE MRT STATION,GUL CIRCLE MRT STATION (EW30),1.319470901,103.6605305,"[103.660530461345, 1.31947090075208]"
TUAS CRESCENT MRT STATION,TUAS CRESCENT MRT STATION (EW31),1.321026956,103.6490782,"[103.649078235627, 1.32102695598684]"
TUAS WEST ROAD MRT STATION,TUAS WEST ROAD MRT STATION (EW32),1.329985047,103.6396166,"[103.639616648771, 1.32998504653102]"
TUAS LINK MRT STATION,TUAS LINK MRT STATION (EW33),1.340882425,103.6369914,"[103.636991425128, 1.34088242451105]"
SPRINGLEAF MRT STATION,SPRINGLEAF MRT STATION (TE4),1.397581061,103.8178569,"[103.817856949947, 1.39758106126824]"
WOODLANDS NORTH MRT STATION,WOODLANDS NORTH MRT STATION (TE1),1.448292453,103.7856927,"[103.785692682441, 1.44829245259621]"
WOODLANDS MRT STATION,WOODLANDS MRT STATION (NS9),1.43681963,103.7860668,"[103.786066799253, 1.43681962961519]"
WOODLANDS SOUTH MRT STATION,WOODLANDS SOUTH MRT STATION (TE3),1.427396053,103.7932643,"[103.79326432221, 1.42739605281442]"
LENTOR MRT STATION,LENTOR MRT STATION (TE5),1.38550658,103.8357438,"[103.835743809669, 1.38550657972169]"
MAYFLOWER MRT STATION,MAYFLOWER MRT STATION (TE6),1.371463188,103.8365678,"[103.836567766945, 1.37146318831015]"
BRIGHT HILL MRT STATION,BRIGHT HILL MRT STATION (TE7),1.363283185,103.8328936,"[103.832893619992, 1.36328318545185]"
UPPER THOMSON MRT STATION,UPPER THOMSON MRT STATION (TE8),1.354416434,103.8328985,"[103.832898468504, 1.35441643365401]"
CANBERRA MRT STATION,CANBERRA MRT STATION (NS12),1.443076641,103.8297026,"[103.829702590959, 1.44307664075699]"
FERNVALE LRT STATION,FERNVALE LRT STATION (SW5),1.391885892,103.8763086,"[103.87630862552, 1.39188589234766]"
TANAH MERAH MRT STATION,ATM DBS TANAH MERAH MRT STATION,1.327310982,103.9464517,"[103.946451703007, 1.32731098211445]"
CLEMENTI MRT STATION,ATM DBS CLEMENTI MRT STATION,1.315225203,103.7651686,"[103.76516855199, 1.31522520298522]"
CHENG LIM LRT STATION,CHENG LIM LRT STATION (SW1),1.396277633,103.8937972,"[103.893797181731, 1.39627763344324]"
THANGGAM LRT STATION,THANGGAM LRT STATION (SW4),1.397318156,103.8756352,"[103.875635154729, 1.39731815581938]"
KUPANG LRT STATION,KUPANG LRT STATION (SW3),1.39821283,103.8812562,"[103.881256222255, 1.39821283031379]"
FARMWAY LRT STATION,FARMWAY LRT STATION (SW2),1.397170196,103.8893048,"[103.889304824196, 1.39717019591821]"
LAYAR LRT STATION,LAYAR LRT STATION (SW6),1.392079837,103.8800296,"[103.880029600546, 1.39207983659997]"
PAYA LEBAR MRT STATION,ATM DBS PAYA LEBAR MRT STATION,1.318106569,103.8931587,"[103.893158734867, 1.31810656871073]"
YIO CHU KANG MRT STATION,ATM DBS YIO CHU KANG MRT STATION,1.381498825,103.8451707,"[103.845170704861, 1.38149882492597]"
KHATIB MRT STATION,ATM DBS KHATIB MRT STATION,1.417589061,103.833061,"[103.833061043125, 1.41758906054002]"
PASIR RIS MRT STATION,ATM DBS PASIR RIS MRT STATION,1.37300805,103.9492651,"[103.949265083922, 1.37300805046319]"
MATTAR MRT STATION,MATTAR MRT STATION (DT25),1.326876715,103.8832475,"[103.883247509542, 1.32687671501334]"
UBI MRT STATION,ATM OCBC UBI MRT STATION,1.32988325,103.8990826,"[103.899082581327, 1.3298832504798]"
FORT CANNING MRT STATION,FORT CANNING MRT STATION (DT20),1.292481948,103.8443314,"[103.844331362465, 1.29248194822996]"
STADIUM MRT STATION,STADIUM MRT STATION (CC6),1.302812468,103.8753377,"[103.875337711089, 1.3028124684707]"
MOUNTBATTEN MRT STATION,MOUNTBATTEN MRT STATION,1.306154061,103.8830451,"[103.883045148696, 1.30615406128913]"
DAKOTA MRT STATION,ATM DBS DAKOTA MRT STATION,1.308337039,103.8886147,"[103.888614668226, 1.30833703867445]"
SIMEI MRT STATION,ATM DBS SIMEI MRT STATION,1.343179496,103.9533095,"[103.953309510101, 1.34317949620659]"
MARINA SOUTH PIER MRT STATION,MARINA SOUTH PIER MRT STATION (NS28),1.271027036,103.8624475,"[103.862447515736, 1.27102703612006]"
