school_name,search_value,latitude,longitude,coordinates
ADMIRALTY PRIMARY SCHOOL,ADMIRALTY PRIMARY SCHOOL,1.44263479,103.8000401,"[103.800040119743, 1.4426347903311]"
ADMIRALTY SECONDARY SCHOOL,ADMIRALTY SECONDARY SCHOOL,1.445890689,103.8023982,"[103.802398196596, 1.44589068910993]"
AHMAD IBRAHIM PRIMARY SCHOOL,AHMAD IBRAHIM PRIMARY SCHOOL,1.433152715,103.8329424,"[103.832942401086, 1.43315271543517]"
AHMAD IBRAHIM SECONDARY SCHOOL,AHMAD IBRAHIM SECONDARY SCHOOL,1.436059754,103.8297187,"[103.829718690077, 1.43605975368804]"
AI TONG SCHOOL,AI TONG SCHOOL,1.360583434,103.8330203,"[103.833020333986, 1.3605834338904]"
ALEXANDRA PRIMARY SCHOOL,ALEXANDRA PRIMARY SCHOOL,1.291334392,103.8244247,"[103.824424680531, 1.29133439161334]"
ANCHOR GREEN PRIMARY SCHOOL,ANCHOR GREEN PRIMARY SCHOOL,1.390369987,103.8871654,"[103.887165375933, 1.39036998654612]"
ANDERSON PRIMARY SCHOOL,ANDERSON PRIMARY SCHOOL,1.384264294,103.8413921,"[103.841392081119, 1.38426429436736]"
ANDERSON SECONDARY SCHOOL,ANDERSON SECONDARY SCHOOL,1.374340017,103.8515541,"[103.851554107068, 1.37434001701177]"
ANDERSON SERANGOON JUNIOR COLLEGE,ANDERSON SERANGOON JUNIOR COLLEGE,1.36504342,103.8870388,"[103.887038809373, 1.36504342002442]"
ANG MO KIO PRIMARY SCHOOL,ANG MO KIO PRIMARY SCHOOL,1.369321766,103.8396309,"[103.839630858752, 1.36932176584608]"
ANG MO KIO SECONDARY SCHOOL,ANG MO KIO SECONDARY SCHOOL,1.367337102,103.842155,"[103.842154973672, 1.36733710171069]"
ANGLICAN HIGH SCHOOL,ANGLICAN HIGH SCHOOL,1.331181079,103.9418535,"[103.941853465631, 1.33118107926966]"
ANGLO-CHINESE JUNIOR COLLEGE,ANGLO-CHINESE JUNIOR COLLEGE,1.303042552,103.7853584,"[103.785358436408, 1.30304255193392]"
ANGLO-CHINESE SCHOOL (BARKER ROAD),ANGLO-CHINESE SCHOOL (BARKER ROAD),1.319616492,103.8357727,"[103.835772689988, 1.31961649151328]"
ANGLO-CHINESE SCHOOL (INDEPENDENT),ANGLO-CHINESE SCHOOL (INDEPENDENT),1.303704093,103.7803634,"[103.780363417671, 1.30370409257783]"
ANGLO-CHINESE SCHOOL (JUNIOR),ANGLO-CHINESE SCHOOL (JUNIOR),1.309350413,103.8409503,"[103.840950265464, 1.30935041274966]"
ANGLO-CHINESE SCHOOL (PRIMARY),ANGLO-CHINESE SCHOOL (PRIMARY),1.318370545,103.8356097,"[103.835609732354, 1.31837054523521]"
ANGSANA PRIMARY SCHOOL,ANGSANA PRIMARY SCHOOL,1.363605906,103.9389409,"[103.9389409004, 1.36360590588314]"
ASSUMPTION ENGLISH SCHOOL,ASSUMPTION ENGLISH SCHOOL,1.368381607,103.7666875,"[103.766687526556, 1.36838160662857]"
ASSUMPTION PATHWAY SCHOOL,ASSUMPTION PATHWAY SCHOOL,1.369670704,103.7659591,"[103.765959130581, 1.3696707043227]"
BARTLEY SECONDARY SCHOOL,BARTLEY SECONDARY SCHOOL,1.339954156,103.8828062,"[103.882806211705, 1.33995415587811]"
BEACON PRIMARY SCHOOL,BEACON PRIMARY SCHOOL,1.383949362,103.773632,"[103.773632022975, 1.38394936211823]"
BEATTY SECONDARY SCHOOL,BEATTY SECONDARY SCHOOL,1.341790285,103.8522808,"[103.852280842345, 1.341790284928]"
BEDOK GREEN PRIMARY SCHOOL,BEDOK GREEN PRIMARY SCHOOL,1.323445933,103.937879,"[103.937878976352, 1.32344593287992]"
BEDOK GREEN SECONDARY SCHOOL,BEDOK GREEN SECONDARY SCHOOL,1.334519473,103.9350284,"[103.935028383346, 1.33451947288431]"
BEDOK SOUTH SECONDARY SCHOOL,BEDOK SOUTH SECONDARY SCHOOL,1.325136552,103.9509891,"[103.950989139261, 1.32513655159184]"
BEDOK VIEW SECONDARY SCHOOL,BEDOK VIEW SECONDARY SCHOOL,1.32415704,103.9437762,"[103.943776245024, 1.32415704029686]"
BENDEMEER PRIMARY SCHOOL,BENDEMEER PRIMARY SCHOOL,1.321812508,103.8654042,"[103.865404167629, 1.32181250780475]"
BENDEMEER SECONDARY SCHOOL,BENDEMEER SECONDARY SCHOOL,1.324611113,103.8609703,"[103.860970284401, 1.32461111307996]"
BLANGAH RISE PRIMARY SCHOOL,BLANGAH RISE PRIMARY SCHOOL,1.276120479,103.8086285,"[103.808628535239, 1.27612047924037]"
BOON LAY GARDEN PRIMARY SCHOOL,BOON LAY GARDEN PRIMARY SCHOOL,1.343178538,103.7132809,"[103.713280889452, 1.34317853793318]"
BOON LAY SECONDARY SCHOOL,BOON LAY SECONDARY SCHOOL,1.342722163,103.7018915,"[103.701891453912, 1.34272216334333]"
BOWEN SECONDARY SCHOOL,BOWEN SECONDARY SCHOOL,1.370359944,103.8776596,"[103.877659577677, 1.37035994436209]"
BROADRICK SECONDARY SCHOOL,BROADRICK SECONDARY SCHOOL,1.307050611,103.8869179,"[103.886917922608, 1.30705061123433]"
BUKIT BATOK SECONDARY SCHOOL,BUKIT BATOK SECONDARY SCHOOL,1.348491111,103.7408737,"[103.74087370482, 1.34849111079052]"
BUKIT MERAH SECONDARY SCHOOL,BUKIT MERAH SECONDARY SCHOOL,1.285692831,103.8134389,"[103.813438929393, 1.28569283064288]"
BUKIT PANJANG GOVT. HIGH SCHOOL,BUKIT PANJANG GOVERNMENT HIGH SCHOOL,1.382242434,103.7383612,"[103.738361221869, 1.38224243360043]"
BUKIT PANJANG PRIMARY SCHOOL,BUKIT PANJANG PRIMARY SCHOOL,1.373621793,103.7693749,"[103.769374904025, 1.37362179302436]"
BUKIT TIMAH PRIMARY SCHOOL,AFTERSCHOOL @ BUKIT TIMAH PRIMARY SCHOOL,1.337749862,103.7668553,"[103.766855344779, 1.3377498622588]"
BUKIT VIEW PRIMARY SCHOOL,BUKIT VIEW PRIMARY SCHOOL,1.345860548,103.7536664,"[103.75366641455, 1.34586054788695]"
BUKIT VIEW SECONDARY SCHOOL,BUKIT VIEW SECONDARY SCHOOL,1.345733055,103.7522266,"[103.752226593984, 1.3457330554294]"
CANBERRA PRIMARY SCHOOL,CANBERRA PRIMARY SCHOOL,1.451250244,103.8158589,"[103.815858858929, 1.45125024371543]"
CANBERRA SECONDARY SCHOOL,CANBERRA SECONDARY SCHOOL,1.453190863,103.8142036,"[103.814203583818, 1.45319086315972]"
CANOSSA CATHOLIC PRIMARY SCHOOL,CANOSSA CATHOLIC PRIMARY SCHOOL,1.326644245,103.882228,"[103.882227964852, 1.32664424544839]"
CANTONMENT PRIMARY SCHOOL,CANTONMENT PRIMARY SCHOOL,1.275472526,103.8399626,"[103.839962631748, 1.27547252623201]"
CASUARINA PRIMARY SCHOOL,CASUARINA PRIMARY SCHOOL,1.372460639,103.9570203,"[103.957020286115, 1.37246063927999]"
CATHOLIC HIGH SCHOOL,CATHOLIC HIGH SCHOOL,1.354723075,103.8448747,"[103.844874676599, 1.3547230747166]"
CATHOLIC JUNIOR COLLEGE,CATHOLIC JUNIOR COLLEGE,1.324556058,103.8350288,"[103.835028842353, 1.32455605783219]"
CEDAR GIRLS SECONDARY SCHOOL,CEDAR GIRLS SECONDARY SCHOOL,1.333758002,103.8739331,"[103.873933064886, 1.33375800216334]"
CEDAR PRIMARY SCHOOL,CEDAR PRIMARY SCHOOL,1.335588501,103.875621,"[103.87562104944, 1.3355885014312]"
CHANGKAT CHANGI SECONDARY SCHOOL,CHANGKAT CHANGI SECONDARY SCHOOL,1.339506301,103.9532455,"[103.953245525564, 1.33950630072876]"
CHANGKAT PRIMARY SCHOOL,CHANGKAT PRIMARY SCHOOL,1.34023164,103.9520801,"[103.952080114035, 1.34023163951633]"
CHIJ (KATONG) PRIMARY,CHIJ (KATONG) PRIMARY,1.306485353,103.9111056,"[103.911105620496, 1.30648535277087]"
CHIJ (KELLOCK),CHIJ (KELLOCK),1.275022723,103.8281576,"[103.828157564896, 1.275022722964]"
CHIJ KATONG CONVENT,CHIJ KATONG CONVENT,1.30644268,103.9171444,"[103.917144350028, 1.30644268034894]"
CHIJ OUR LADY OF GOOD COUNSEL,CHIJ OUR LADY OF GOOD COUNSEL,1.357429523,103.8640094,"[103.864009397373, 1.35742952269615]"
CHIJ OUR LADY OF THE NATIVITY,CHIJ OUR LADY OF THE NATIVITY,1.373302971,103.8975757,"[103.897575728303, 1.37330297140128]"
CHIJ OUR LADY QUEEN OF PEACE,CHIJ OUR LADY QUEEN OF PEACE,1.366603669,103.7674122,"[103.767412204602, 1.366603668561]"
CHIJ PRIMARY (TOA PAYOH),CHIJ PRIMARY (TOA PAYOH),1.332752647,103.8418473,"[103.841847263786, 1.33275264711587]"
CHIJ SECONDARY (TOA PAYOH),CHIJ SECONDARY (TOA PAYOH),1.332460799,103.8432716,"[103.843271625083, 1.33246079948303]"
CHIJ ST. JOSEPHS CONVENT,CHIJ SAINT JOSEPHS CONVENT,1.391752223,103.902465,"[103.902464991543, 1.39175222260369]"
CHIJ ST. NICHOLAS GIRLS SCHOOL,CHIJ SAINT NICHOLAS GIRLS SCHOOL,1.373476879,103.8342533,"[103.834253269436, 1.37347687878916]"
CHIJ ST. THERESAS CONVENT,CHIJ SAINT THERESAS CONVENT,1.275351775,103.8224407,"[103.822440701642, 1.27535177510054]"
CHONGFU SCHOOL,CHONGFU SCHOOL,1.438395629,103.8393092,"[103.839309173817, 1.43839562897006]"
CHONGZHENG PRIMARY SCHOOL,CHONGZHENG PRIMARY SCHOOL,1.350707392,103.9513995,"[103.951399541868, 1.35070739237744]"
CHRIST CHURCH SECONDARY SCHOOL,CHRIST CHURCH SECONDARY SCHOOL,1.426567809,103.7934511,"[103.793451105242, 1.42656780901455]"
CHUA CHU KANG PRIMARY SCHOOL,CHUA CHU KANG PRIMARY SCHOOL,1.377758901,103.7418329,"[103.741832917421, 1.37775890093367]"
CHUA CHU KANG SECONDARY SCHOOL,CHUA CHU KANG SECONDARY SCHOOL,1.383334226,103.7551033,"[103.75510327583, 1.38333422637073]"
CHUNG CHENG HIGH SCHOOL (MAIN),CHUNG CHENG HIGH SCHOOL (MAIN),1.305091548,103.8916532,"[103.891653229373, 1.30509154753048]"
CHUNG CHENG HIGH SCHOOL (YISHUN),CHUNG CHENG HIGH SCHOOL (YISHUN),1.419226036,103.8373908,"[103.837390782849, 1.41922603586175]"
CLEMENTI PRIMARY SCHOOL,CLEMENTI PRIMARY SCHOOL,1.315063218,103.7631445,"[103.763144493687, 1.31506321827875]"
CLEMENTI TOWN SECONDARY SCHOOL,CLEMENTI TOWN SECONDARY SCHOOL,1.315539129,103.7620206,"[103.762020598524, 1.31553912945073]"
COMMONWEALTH SECONDARY SCHOOL,COMMONWEALTH SECONDARY SCHOOL,1.319203959,103.7456374,"[103.745637393049, 1.31920395934801]"
COMPASSVALE PRIMARY SCHOOL,COMPASSVALE PRIMARY SCHOOL,1.394445296,103.8978122,"[103.897812229905, 1.39444529636566]"
COMPASSVALE SECONDARY SCHOOL,COMPASSVALE SECONDARY SCHOOL,1.39614084,103.8998472,"[103.899847164494, 1.39614083952009]"
CONCORD PRIMARY SCHOOL,CONCORD PRIMARY SCHOOL,1.380008062,103.7362254,"[103.736225440727, 1.38000806197242]"
CORPORATION PRIMARY SCHOOL,CORPORATION PRIMARY SCHOOL,1.350997799,103.7075937,"[103.707593724342, 1.35099779872539]"
CRESCENT GIRLS SCHOOL,CRESCENT GIRLS SCHOOL,1.293319471,103.8175445,"[103.817544461755, 1.29331947077104]"
CREST SECONDARY SCHOOL,CREST SECONDARY SCHOOL,1.343119805,103.7426281,"[103.742628105304, 1.3431198045076]"
DAMAI PRIMARY SCHOOL,DAMAI PRIMARY SCHOOL,1.335461068,103.9212702,"[103.921270169613, 1.33546106800406]"
DAMAI SECONDARY SCHOOL,DAMAI SECONDARY SCHOOL,1.336927985,103.9270917,"[103.927091653438, 1.33692798510393]"
DAZHONG PRIMARY SCHOOL,DAZHONG PRIMARY SCHOOL,1.359179745,103.7484721,"[103.74847210784, 1.3591797447277]"
DE LA SALLE SCHOOL,DE LA SALLE SCHOOL,1.39470783,103.7432018,"[103.743201812831, 1.3947078296399]"
DEYI SECONDARY SCHOOL,DEYI SECONDARY SCHOOL,1.365997026,103.8525458,"[103.852545772422, 1.36599702567717]"
DUNEARN SECONDARY SCHOOL,DUNEARN SECONDARY SCHOOL,1.363579008,103.7447211,"[103.74472109107, 1.36357900792871]"
DUNMAN HIGH SCHOOL,DUNMAN HIGH SCHOOL,1.29996216,103.8829416,"[103.88294155989, 1.29996216014962]"
DUNMAN SECONDARY SCHOOL,DUNMAN SECONDARY SCHOOL,1.360652583,103.9562139,"[103.956213906966, 1.36065258337022]"
EAST SPRING PRIMARY SCHOOL,EAST SPRING PRIMARY SCHOOL,1.352684007,103.9616768,"[103.961676849165, 1.35268400746357]"
EAST SPRING SECONDARY SCHOOL,EAST SPRING SECONDARY SCHOOL,1.35622509,103.9606407,"[103.960640700298, 1.35622508992581]"
EDGEFIELD PRIMARY SCHOOL,EDGEFIELD PRIMARY SCHOOL,1.400091395,103.9078476,"[103.907847599114, 1.40009139510996]"
EDGEFIELD SECONDARY SCHOOL,EDGEFIELD SECONDARY SCHOOL,1.4005931,103.9026874,"[103.902687385465, 1.40059309981824]"
ELIAS PARK PRIMARY SCHOOL,AFTERSCHOOL @ ELIAS PARK PRIMARY SCHOOL,1.375056963,103.9452894,"[103.945289416873, 1.37505696315817]"
ENDEAVOUR PRIMARY SCHOOL,ENDEAVOUR PRIMARY SCHOOL,1.454038375,103.8174362,"[103.817436231731, 1.45403837499301]"
EUNOIA JUNIOR COLLEGE,EUNOIA JUNIOR COLLEGE,1.362137572,103.8412862,"[103.841286169122, 1.36213757183547]"
EVERGREEN PRIMARY SCHOOL,EVERGREEN PRIMARY SCHOOL,1.444153328,103.7945778,"[103.794577787757, 1.44415332824735]"
EVERGREEN SECONDARY SCHOOL,EVERGREEN SECONDARY SCHOOL,1.441491313,103.7941378,"[103.794137756171, 1.44149131273737]"
FAIRFIELD METHODIST SCHOOL (PRIMARY),COMMIT LEARNING SCHOOLHOUSE @ FAIRFIELD METHODIST SCHOOL (PRIMARY),1.301004419,103.7854556,"[103.785455606827, 1.30100441916733]"
FAIRFIELD METHODIST SCHOOL (SECONDARY),FAIRFIELD METHODIST SCHOOL (SECONDARY),1.301633744,103.7840996,"[103.784099647149, 1.30163374395823]"
FARRER PARK PRIMARY SCHOOL,FARRER PARK PRIMARY SCHOOL,1.312368677,103.8507664,"[103.850766402965, 1.31236867681371]"
FENGSHAN PRIMARY SCHOOL,FENGSHAN PRIMARY SCHOOL,1.329805988,103.9317103,"[103.931710293058, 1.32980598760785]"
FERN GREEN PRIMARY SCHOOL,FERN GREEN PRIMARY SCHOOL,1.397269661,103.8803303,"[103.880330305684, 1.39726966050479]"
FERNVALE PRIMARY SCHOOL,FERNVALE PRIMARY SCHOOL,1.39030228,103.8744455,"[103.874445458032, 1.39030227963797]"
FIRST TOA PAYOH PRIMARY SCHOOL,FIRST TOA PAYOH PRIMARY SCHOOL,1.340322995,103.8555299,"[103.855529906182, 1.34032299499938]"
FRONTIER PRIMARY SCHOOL,FRONTIER PRIMARY SCHOOL,1.336412987,103.6997017,"[103.69970173931, 1.33641298743234]"
FUCHUN PRIMARY SCHOOL,FUCHUN PRIMARY SCHOOL,1.430479908,103.7781929,"[103.778192944298, 1.43047990810126]"
FUHUA PRIMARY SCHOOL,AMP-MERCU STUDENT CARE CENTRE @ FUHUA PRIMARY SCHOOL,1.336597265,103.7360895,"[103.736089481883, 1.33659726465816]"
FUHUA SECONDARY SCHOOL,FUHUA SECONDARY SCHOOL,1.347014089,103.7265209,"[103.72652089832, 1.34701408913756]"
GAN ENG SENG PRIMARY SCHOOL,GAN ENG SENG PRIMARY SCHOOL,1.285595165,103.8155474,"[103.815547410064, 1.28559516494962]"
GAN ENG SENG SCHOOL,GAN ENG SENG PRIMARY SCHOOL,1.285595165,103.8155474,"[103.815547410064, 1.28559516494962]"
GEYLANG METHODIST SCHOOL (PRIMARY),GEYLANG METHODIST SCHOOL (PRIMARY),1.317591268,103.8838457,"[103.883845744916, 1.31759126757284]"
GEYLANG METHODIST SCHOOL (SECONDARY),GEYLANG METHODIST SCHOOL (SECONDARY),1.317649005,103.8826611,"[103.882661129303, 1.31764900474601]"
GONGSHANG PRIMARY SCHOOL,COMMIT LEARNING SCHOOLHOUSE @ GONGSHANG PRIMARY SCHOOL,1.357116068,103.9491448,"[103.949144797277, 1.35711606790292]"
GREENDALE PRIMARY SCHOOL,GREENDALE PRIMARY SCHOOL,1.396481951,103.9123346,"[103.91233462071, 1.39648195114256]"
GREENDALE SECONDARY SCHOOL,GREENDALE SECONDARY SCHOOL,1.396960199,103.9117001,"[103.91170014084, 1.39696019936894]"
GREENRIDGE PRIMARY SCHOOL,GREENRIDGE PRIMARY SCHOOL,1.385889219,103.7677945,"[103.767794469258, 1.3858892193692]"
GREENRIDGE SECONDARY SCHOOL,GREENRIDGE SECONDARY SCHOOL,1.375600053,103.7639989,"[103.763998914082, 1.375600053443]"
GREENWOOD PRIMARY SCHOOL,GREENWOOD PRIMARY SCHOOL,1.439899583,103.8047256,"[103.804725587384, 1.43989958331782]"
GUANGYANG SECONDARY SCHOOL,GUANGYANG SECONDARY SCHOOL,1.34440856,103.8502089,"[103.850208933626, 1.34440856042912]"
HAI SING CATHOLIC SCHOOL,HAI SING CATHOLIC SCHOOL,1.374337171,103.9545445,"[103.954544548905, 1.3743371707478]"
HAIG GIRLS SCHOOL,HAIG GIRLS SCHOOL,1.311943443,103.9029026,"[103.902902557195, 1.31194344271383]"
HENRY PARK PRIMARY SCHOOL,HENRY PARK PRIMARY SCHOOL,1.316676462,103.7842962,"[103.784296227747, 1.31667646178347]"
HILLGROVE SECONDARY SCHOOL,HILLGROVE SECONDARY SCHOOL,1.352735766,103.7529865,"[103.752986488399, 1.35273576615912]"
HOLY INNOCENTS HIGH SCHOOL,HOLY INNOCENTS HIGH SCHOOL,1.371545088,103.8963988,"[103.896398814264, 1.37154508822261]"
HOLY INNOCENTS PRIMARY SCHOOL,HOLY INNOCENTS PRIMARY SCHOOL,1.366938309,103.8941149,"[103.894114899795, 1.36693830877349]"
HONG WEN SCHOOL,HONG WEN SCHOOL,1.32176,103.8576285,"[103.857628468881, 1.32175999964553]"
HORIZON PRIMARY SCHOOL,HORIZON PRIMARY SCHOOL,1.399550034,103.9134049,"[103.913404855665, 1.399550034492]"
HOUGANG PRIMARY SCHOOL,HOUGANG PRIMARY SCHOOL,1.377382452,103.8808053,"[103.880805274557, 1.37738245231461]"
HOUGANG SECONDARY SCHOOL,HOUGANG SECONDARY SCHOOL,1.377640193,103.882534,"[103.882533963338, 1.37764019332164]"
HUA YI SECONDARY SCHOOL,HUA YI SECONDARY SCHOOL,1.352343655,103.7218323,"[103.721832320169, 1.35234365488339]"
HUAMIN PRIMARY SCHOOL,HUAMIN PRIMARY SCHOOL,1.426972845,103.8442402,"[103.844240226564, 1.42697284512936]"
HWA CHONG INSTITUTION,HWA CHONG INSTITUTION,1.324947793,103.8057044,"[103.805704361472, 1.3249477928719]"
INNOVA PRIMARY SCHOOL,INNOVA PRIMARY SCHOOL,1.428967007,103.7906075,"[103.790607539185, 1.42896700684852]"
JIEMIN PRIMARY SCHOOL,JIEMIN PRIMARY SCHOOL,1.427688477,103.8304255,"[103.830425490093, 1.42768847665227]"
JING SHAN PRIMARY SCHOOL,JING SHAN PRIMARY SCHOOL,1.37223291,103.8521322,"[103.852132214306, 1.37223290983498]"
JUNYUAN PRIMARY SCHOOL,JUNYUAN PRIMARY SCHOOL,1.347870748,103.9392217,"[103.939221709073, 1.34787074766746]"
JUNYUAN SECONDARY SCHOOL,JUNYUAN SECONDARY SCHOOL,1.353613153,103.9338862,"[103.933886165824, 1.35361315263537]"
JURONG PIONEER JUNIOR COLLEGE,JURONG PIONEER JUNIOR COLLEGE,1.384374064,103.7543746,"[103.75437461519, 1.38437406410733]"
JURONG PRIMARY SCHOOL,JURONG PRIMARY SCHOOL,1.348438597,103.7331566,"[103.733156566858, 1.34843859698946]"
JURONG SECONDARY SCHOOL,JURONG SECONDARY SCHOOL,1.330020322,103.723953,"[103.723952961648, 1.33002032220942]"
JURONG WEST PRIMARY SCHOOL,JURONG WEST PRIMARY SCHOOL,1.339175198,103.6988037,"[103.698803732244, 1.33917519796104]"
JURONG WEST SECONDARY SCHOOL,JURONG WEST SECONDARY SCHOOL,1.335256347,103.7020989,"[103.702098904443, 1.33525634688323]"
JURONGVILLE SECONDARY SCHOOL,JURONGVILLE SECONDARY SCHOOL,1.351288628,103.7289077,"[103.728907710089, 1.35128862770284]"
JUYING SECONDARY SCHOOL,JUYING SECONDARY SCHOOL,1.338722773,103.6873103,"[103.687310264575, 1.3387227734133]"
KEMING PRIMARY SCHOOL,KEMING PRIMARY SCHOOL,1.3455285,103.7564494,"[103.756449399351, 1.34552849960874]"
KENT RIDGE SECONDARY SCHOOL,KENT RIDGE SECONDARY SCHOOL,1.301227734,103.7648896,"[103.764889617566, 1.30122773426098]"
KHENG CHENG SCHOOL,KHENG CHENG SCHOOL,1.337338194,103.8471485,"[103.847148501824, 1.3373381935639]"
KONG HWA SCHOOL,KONG HWA SCHOOL,1.31099674,103.888352,"[103.888352029067, 1.31099674009193]"
KRANJI PRIMARY SCHOOL,KRANJI PRIMARY SCHOOL,1.393560505,103.7473627,"[103.747362720939, 1.39356050497104]"
KRANJI SECONDARY SCHOOL,KRANJI SECONDARY SCHOOL,1.390051099,103.7411907,"[103.741190664845, 1.39005109871311]"
KUO CHUAN PRESBYTERIAN PRIMARY SCHOOL,KUO CHUAN PRESBYTERIAN PRIMARY SCHOOL,1.349782238,103.8545293,"[103.85452928785, 1.34978223750981]"
KUO CHUAN PRESBYTERIAN SECONDARY SCHOOL,KUO CHUAN PRESBYTERIAN SECONDARY SCHOOL,1.350171299,103.8549837,"[103.854983746416, 1.35017129930314]"
LAKESIDE PRIMARY SCHOOL,LAKESIDE PRIMARY SCHOOL,1.338203977,103.7180895,"[103.718089546664, 1.33820397704287]"
LIANHUA PRIMARY SCHOOL,LIANHUA PRIMARY SCHOOL,1.354241911,103.7541658,"[103.754165828711, 1.35424191127295]"
LOYANG VIEW SECONDARY SCHOOL,LOYANG VIEW SECONDARY SCHOOL,1.366584172,103.9569446,"[103.956944585725, 1.36658417167238]"
MAHA BODHI SCHOOL,AFTER SCHOOL @ MAHA BODHI SCHOOL,1.328580239,103.9013069,"[103.901306904157, 1.32858023873554]"
MANJUSRI SECONDARY SCHOOL,MANJUSRI SECONDARY SCHOOL,1.327471231,103.90172,"[103.901719963831, 1.32747123084846]"
MARIS STELLA HIGH SCHOOL,MARIS STELLA HIGH SCHOOL,1.342183957,103.8780964,"[103.87809644863, 1.34218395739981]"
MARSILING PRIMARY SCHOOL,MARSILING PRIMARY SCHOOL,1.43383904,103.773643,"[103.773643013846, 1.43383904037059]"
MARSILING SECONDARY SCHOOL,MARSILING SECONDARY SCHOOL,1.436644248,103.7760081,"[103.776008090454, 1.43664424769955]"
MARYMOUNT CONVENT SCHOOL,MARYMOUNT CONVENT SCHOOL,1.34036677,103.8400211,"[103.840021064426, 1.34036676987375]"
MAYFLOWER PRIMARY SCHOOL,MAYFLOWER PRIMARY SCHOOL,1.376376835,103.8432528,"[103.843252803742, 1.37637683547682]"
MAYFLOWER SECONDARY SCHOOL,MAYFLOWER SECONDARY SCHOOL,1.368272662,103.8353607,"[103.835360726863, 1.36827266209722]"
MEE TOH SCHOOL,MEE TOH SCHOOL,1.394618454,103.9085895,"[103.908589494228, 1.3946184538592]"
MERIDIAN PRIMARY SCHOOL,MERIDIAN PRIMARY SCHOOL,1.375528317,103.9348891,"[103.934889078518, 1.37552831658484]"
MERIDIAN SECONDARY SCHOOL,MERIDIAN SECONDARY SCHOOL,1.367246849,103.9489725,"[103.948972483629, 1.3672468492013]"
METHODIST GIRLS SCHOOL (PRIMARY),PAYA LEBAR METHODIST GIRLS SCHOOL (PRIMARY),1.349472763,103.8849713,"[103.884971343143, 1.34947276268396]"
METHODIST GIRLS SCHOOL (SECONDARY),PAYA LEBAR METHODIST GIRLS SCHOOL (SECONDARY),1.350967559,103.8851201,"[103.885120050588, 1.35096755912522]"
MILLENNIA INSTITUTE,MILLENNIA INSTITUTE,1.350319392,103.7415936,"[103.741593577684, 1.35031939200985]"
MONTFORT JUNIOR SCHOOL,MONTFORT JUNIOR SCHOOL,1.373824441,103.8893078,"[103.889307782925, 1.37382444075979]"
MONTFORT SECONDARY SCHOOL,MONTFORT SECONDARY SCHOOL,1.373961317,103.8889284,"[103.888928372577, 1.37396131656912]"
NAN CHIAU HIGH SCHOOL,NAN CHIAU HIGH SCHOOL,1.388795825,103.8900044,"[103.890004423764, 1.38879582498399]"
NAN CHIAU PRIMARY SCHOOL,NAN CHIAU PRIMARY SCHOOL,1.392211499,103.8911809,"[103.891180928186, 1.39221149906592]"
NAN HUA HIGH SCHOOL,NAN HUA HIGH SCHOOL,1.308095295,103.7685614,"[103.768561446725, 1.30809529518605]"
NAN HUA PRIMARY SCHOOL,NAN HUA PRIMARY SCHOOL,1.3192016,103.7610951,"[103.761095065761, 1.31920159956387]"
NANYANG GIRLS HIGH SCHOOL,NANYANG GIRLS HIGH SCHOOL,1.330583267,103.802421,"[103.802420979943, 1.33058326666479]"
NANYANG JUNIOR COLLEGE,NANYANG JUNIOR COLLEGE,1.350283149,103.8664987,"[103.866498721912, 1.35028314949236]"
NANYANG PRIMARY SCHOOL,NANYANG PRIMARY SCHOOL,1.32111549,103.8064681,"[103.806468059795, 1.32111548993736]"
NATIONAL JUNIOR COLLEGE,NATIONAL JUNIOR COLLEGE,1.330292911,103.8041109,"[103.804110905425, 1.33029291072172]"
NAVAL BASE PRIMARY SCHOOL,NAVAL BASE PRIMARY SCHOOL,1.416306632,103.8387941,"[103.838794077233, 1.41630663159387]"
NAVAL BASE SECONDARY SCHOOL,NAVAL BASE SECONDARY SCHOOL,1.419378816,103.8310504,"[103.831050390247, 1.41937881620441]"
NEW TOWN PRIMARY SCHOOL,NEW TOWN PRIMARY SCHOOL,1.299641882,103.8001022,"[103.80010216304, 1.29964188181021]"
NEW TOWN SECONDARY SCHOOL,NEW TOWN SECONDARY SCHOOL,1.3097759,103.7731886,"[103.77318863421, 1.30977590011357]"
NGEE ANN PRIMARY SCHOOL,NGEE ANN PRIMARY SCHOOL,1.305525059,103.917463,"[103.917463017497, 1.30552505910497]"
NGEE ANN SECONDARY SCHOOL,NGEE ANN SECONDARY SCHOOL,1.354475258,103.9567473,"[103.956747262496, 1.35447525755806]"
NORTH SPRING PRIMARY SCHOOL,NORTH SPRING PRIMARY SCHOOL,1.387061465,103.9032027,"[103.903202683028, 1.38706146494859]"
NORTH VIEW PRIMARY SCHOOL,NORTH VIEW PRIMARY SCHOOL,1.427523272,103.8481908,"[103.848190787869, 1.42752327193727]"
NORTH VISTA PRIMARY SCHOOL,NORTH VISTA PRIMARY SCHOOL,1.38282243,103.8959619,"[103.895961877928, 1.38282243016299]"
NORTH VISTA SECONDARY SCHOOL,NORTH VISTA SECONDARY SCHOOL,1.381131285,103.8991888,"[103.899188813886, 1.381131285358]"
NORTHBROOKS SECONDARY SCHOOL,NORTHBROOKS SECONDARY SCHOOL,1.42081285,103.8451473,"[103.845147332528, 1.42081285020652]"
NORTHLAND PRIMARY SCHOOL,NORTHLAND PRIMARY SCHOOL,1.420969899,103.8409284,"[103.840928424929, 1.42096989918951]"
NORTHLAND SECONDARY SCHOOL,NORTHLAND SECONDARY SCHOOL,1.435801834,103.8401047,"[103.840104687784, 1.43580183362637]"
NORTHLIGHT SCHOOL,NORTHLIGHT SCHOOL,1.319100216,103.8557596,"[103.85575955353, 1.3191002158167]"
NORTHOAKS PRIMARY SCHOOL,NORTHOAKS PRIMARY SCHOOL,1.45660782,103.814197,"[103.814196981329, 1.45660782030102]"
NORTHSHORE PRIMARY SCHOOL,NORTHSHORE PRIMARY SCHOOL,1.418138033,103.9044169,"[103.904416909742, 1.41813803336667]"
NUS HIGH SCHOOL OF MATHEMATICS AND SCIENCE,NUS HIGH SCHOOL OF MATHEMATICS AND SCIENCE,1.306156659,103.7701483,"[103.770148255807, 1.30615665859431]"
OASIS PRIMARY SCHOOL,OASIS PRIMARY SCHOOL,1.404624132,103.9111206,"[103.911120600638, 1.40462413200793]"
OPERA ESTATE PRIMARY SCHOOL,OPERA ESTATE PRIMARY SCHOOL,1.319319144,103.9237883,"[103.923788259248, 1.31931914436255]"
ORCHID PARK SECONDARY SCHOOL,ORCHID PARK SECONDARY SCHOOL,1.415320328,103.8378592,"[103.837859241343, 1.41532032779634]"
OUTRAM SECONDARY SCHOOL,OUTRAM SECONDARY SCHOOL,1.286513575,103.8371273,"[103.837127264403, 1.28651357464735]"
PALM VIEW PRIMARY SCHOOL,PALM VIEW PRIMARY SCHOOL,1.38376923,103.8913547,"[103.891354675017, 1.38376923022123]"
PARK VIEW PRIMARY SCHOOL,PARK VIEW PRIMARY SCHOOL,1.377380699,103.9395417,"[103.939541695654, 1.37738069854249]"
PASIR RIS CREST SECONDARY SCHOOL,PASIR RIS CREST SECONDARY SCHOOL,1.372840601,103.9597282,"[103.959728202919, 1.37284060102246]"
PASIR RIS PRIMARY SCHOOL,PASIR RIS PRIMARY SCHOOL,1.372418702,103.9628072,"[103.962807212116, 1.37241870245531]"
PASIR RIS SECONDARY SCHOOL,PASIR RIS SECONDARY SCHOOL,1.354227327,103.9489626,"[103.948962626204, 1.35422732653396]"
PAYA LEBAR METHODIST GIRLS SCHOOL (PRIMARY),PAYA LEBAR METHODIST GIRLS SCHOOL (PRIMARY),1.349472763,103.8849713,"[103.884971343143, 1.34947276268396]"
PAYA LEBAR METHODIST GIRLS SCHOOL (SECONDARY),PAYA LEBAR METHODIST GIRLS SCHOOL (SECONDARY),1.350967559,103.8851201,"[103.885120050588, 1.35096755912522]"
PEI CHUN PUBLIC SCHOOL,PEI CHUN PUBLIC SCHOOL,1.337373587,103.8555856,"[103.855585578061, 1.33737358725951]"
PEI HWA PRESBYTERIAN PRIMARY SCHOOL,PEI HWA PRESBYTERIAN PRIMARY SCHOOL,1.338056346,103.7761064,"[103.776106448614, 1.33805634613048]"
PEI HWA SECONDARY SCHOOL,PEI HWA SECONDARY SCHOOL,1.39037505,103.8784617,"[103.878461745339, 1.39037504993234]"
PEI TONG PRIMARY SCHOOL,PEI TONG PRIMARY SCHOOL,1.316197864,103.7675998,"[103.767599818844, 1.31619786415976]"
PEICAI SECONDARY SCHOOL,PEICAI SECONDARY SCHOOL,1.359515832,103.8700107,"[103.870010749055, 1.35951583222214]"
PEIRCE SECONDARY SCHOOL,PEIRCE SECONDARY SCHOOL,1.366659447,103.8302161,"[103.83021606804, 1.36665944653812]"
PEIYING PRIMARY SCHOOL,COMMIT LEARNING SCHOOLHOUSE @ PEIYING PRIMARY SCHOOL,1.417416276,103.8301432,"[103.830143209875, 1.41741627551251]"
PIONEER PRIMARY SCHOOL,PIONEER PRIMARY SCHOOL,1.339022647,103.6877696,"[103.687769623983, 1.33902264667589]"
POI CHING SCHOOL,POI CHING SCHOOL,1.357651223,103.9352465,"[103.935246477199, 1.35765122315688]"
PRESBYTERIAN HIGH SCHOOL,PRESBYTERIAN HIGH SCHOOL,1.382011943,103.8431494,"[103.843149382823, 1.38201194250223]"
PRINCESS ELIZABETH PRIMARY SCHOOL,PRINCESS ELIZABETH PRIMARY SCHOOL,1.349203513,103.7410196,"[103.74101964471, 1.349203512653]"
PUNGGOL COVE PRIMARY SCHOOL,PUNGGOL COVE PRIMARY SCHOOL,1.411599233,103.8988039,"[103.898803921164, 1.41159923273069]"
PUNGGOL GREEN PRIMARY SCHOOL,PUNGGOL GREEN PRIMARY SCHOOL,1.401872206,103.8988013,"[103.898801330302, 1.40187220643293]"
PUNGGOL PRIMARY SCHOOL,AFTERSCHOOL @ PUNGGOL PRIMARY SCHOOL,1.378200625,103.8946672,"[103.894667159512, 1.37820062547641]"
PUNGGOL SECONDARY SCHOOL,PUNGGOL SECONDARY SCHOOL,1.402057384,103.9092137,"[103.909213706482, 1.40205738421399]"
PUNGGOL VIEW PRIMARY SCHOOL,PUNGGOL VIEW PRIMARY SCHOOL,1.405145826,103.9051564,"[103.905156371376, 1.40514582647962]"
QIFA PRIMARY SCHOOL,AMP-MERCU STUDENT CARE CENTRE @ QIFA PRIMARY SCHOOL,1.313265833,103.7566291,"[103.756629101811, 1.3132658326807]"
QIHUA PRIMARY SCHOOL,POWERLIFE STUDENT SERVICES @ QIHUA PRIMARY SCHOOL,1.442035966,103.7883398,"[103.788339762066, 1.44203596557592]"
QUEENSTOWN PRIMARY SCHOOL,QUEENSTOWN PRIMARY SCHOOL,1.29559365,103.8075486,"[103.807548617332, 1.29559365009015]"
QUEENSTOWN SECONDARY SCHOOL,QUEENSTOWN SECONDARY SCHOOL,1.293521268,103.813191,"[103.813190980055, 1.29352126774652]"
QUEENSWAY SECONDARY SCHOOL,QUEENSWAY SECONDARY SCHOOL,1.300222716,103.8022073,"[103.802207291625, 1.30022271592188]"
RADIN MAS PRIMARY SCHOOL,RADIN MAS PRIMARY SCHOOL,1.274958236,103.8241883,"[103.824188270373, 1.27495823622634]"
RAFFLES GIRLS PRIMARY SCHOOL,RAFFLES GIRLS PRIMARY SCHOOL,1.32940426,103.8064429,"[103.806442915912, 1.3294042600012]"
RAFFLES GIRLS SCHOOL (SECONDARY),RAFFLES GIRLS SCHOOL (SECONDARY),1.342174799,103.843134,"[103.84313404727, 1.34217479932295]"
RAFFLES INSTITUTION,RAFFLES INSTITUTION,1.345958886,103.8415276,"[103.841527553164, 1.3459588857431]"
RED SWASTIKA SCHOOL,COMMIT LEARNING SCHOOLHOUSE @ RED SWASTIKA SCHOOL,1.334056596,103.9343175,"[103.934317528484, 1.33405659580859]"
REGENT SECONDARY SCHOOL,REGENT SECONDARY SCHOOL,1.393279083,103.7510344,"[103.751034411529, 1.39327908335682]"
RIVER VALLEY HIGH SCHOOL,RIVER VALLEY HIGH SCHOOL,1.344078011,103.7090222,"[103.709022156436, 1.34407801149725]"
RIVER VALLEY PRIMARY SCHOOL,AFTERSCHOOL @ RIVER VALLEY PRIMARY SCHOOL,1.294183478,103.8360189,"[103.836018941571, 1.29418347842837]"
RIVERSIDE PRIMARY SCHOOL,MERCU STUDENT CARE CENTRE @ RIVERSIDE PRIMARY SCHOOL,1.447004265,103.801889,"[103.801889031334, 1.44700426493785]"
RIVERSIDE SECONDARY SCHOOL,RIVERSIDE SECONDARY SCHOOL,1.441101571,103.7883082,"[103.78830823641, 1.44110157139127]"
RIVERVALE PRIMARY SCHOOL,RIVERVALE PRIMARY SCHOOL,1.393409978,103.9045595,"[103.904559511997, 1.39340997767762]"
ROSYTH SCHOOL,ROSYTH SCHOOL,1.372890675,103.8750015,"[103.875001549174, 1.37289067499064]"
RULANG PRIMARY SCHOOL,RULANG PRIMARY SCHOOL,1.346738689,103.718458,"[103.718457955487, 1.34673868889096]"
"SCHOOL OF SCIENCE AND TECHNOLOGY, SINGAPORE","SCHOOL OF SCIENCE AND TECHNOLOGY, SINGAPORE",1.312928106,103.7740115,"[103.774011529322, 1.31292810600277]"
"SCHOOL OF THE ARTS, SINGAPORE",CEREALTECH SCHOOL OF BAKING TECHNOLOGY,1.449748155,103.8063552,"[103.806355201925, 1.44974815480346]"
SEMBAWANG PRIMARY SCHOOL,SEMBAWANG PRIMARY SCHOOL,1.445073716,103.8210424,"[103.821042374036, 1.4450737155262]"
SEMBAWANG SECONDARY SCHOOL,SEMBAWANG SECONDARY SCHOOL,1.445315021,103.8168433,"[103.816843258118, 1.44531502131387]"
SENG KANG PRIMARY SCHOOL,SENG KANG PRIMARY SCHOOL,1.389497404,103.8997671,"[103.899767112047, 1.38949740422462]"
SENG KANG SECONDARY SCHOOL,SENG KANG SECONDARY SCHOOL,1.386596831,103.898365,"[103.898365036709, 1.38659683143747]"
SENGKANG GREEN PRIMARY SCHOOL,SENGKANG GREEN PRIMARY SCHOOL,1.392846067,103.8752177,"[103.875217666486, 1.39284606680477]"
SERANGOON GARDEN SECONDARY SCHOOL,SERANGOON GARDEN SECONDARY SCHOOL,1.369325705,103.8692703,"[103.869270301476, 1.36932570490947]"
SERANGOON SECONDARY SCHOOL,SERANGOON SECONDARY SCHOOL,1.374655388,103.9021387,"[103.902138740699, 1.37465538827443]"
SHUQUN PRIMARY SCHOOL,SHUQUN PRIMARY SCHOOL,1.347653114,103.7215237,"[103.721523713379, 1.34765311431632]"
SI LING PRIMARY SCHOOL,SI LING PRIMARY SCHOOL,1.432409357,103.7860351,"[103.786035065192, 1.43240935732525]"
SINGAPORE CHINESE GIRLS PRIMARY SCHOOL,SINGAPORE CHINESE GIRLS SCHOOL (PRIMARY),1.320807252,103.8277447,"[103.827744749548, 1.32080725235992]"
SINGAPORE CHINESE GIRLS SCHOOL,H.S. OF SINGAPORE CHINESE GIRLS SCHOOL (HISTORIC SITE),1.302399157,103.8390559,"[103.839055904985, 1.30239915719716]"
SINGAPORE SPORTS SCHOOL,SINGAPORE SPORTS SCHOOL,1.426411406,103.7894448,"[103.789444793951, 1.42641140556342]"
SOUTH VIEW PRIMARY SCHOOL,SOUTH VIEW PRIMARY SCHOOL,1.381666644,103.7462758,"[103.746275846011, 1.38166664389749]"
SPECTRA SECONDARY SCHOOL,SPECTRA SECONDARY SCHOOL,1.437037508,103.8041005,"[103.804100467487, 1.43703750789961]"
SPRINGDALE PRIMARY SCHOOL,SPRINGDALE PRIMARY SCHOOL,1.394670103,103.8899262,"[103.889926221247, 1.39467010299293]"
SPRINGFIELD SECONDARY SCHOOL,SPRINGFIELD SECONDARY SCHOOL,1.349573035,103.9303545,"[103.930354460693, 1.34957303471476]"
ST. ANDREWS JUNIOR COLLEGE,SAINT ANDREWS JUNIOR COLLEGE,1.333065157,103.8635764,"[103.863576377056, 1.33306515740956]"
ST. ANDREWS JUNIOR SCHOOL,SAINT ANDREWS JUNIOR SCHOOL,1.331402553,103.8651171,"[103.865117134385, 1.33140255308868]"
ST. ANDREWS SECONDARY SCHOOL,SAINT ANDREWS SECONDARY SCHOOL,1.33069361,103.8662491,"[103.866249138562, 1.33069360968075]"
ST. ANTHONYS CANOSSIAN PRIMARY SCHOOL,SAINT ANTHONYS CANOSSIAN PRIMARY SCHOOL,1.334725373,103.9412349,"[103.941234868202, 1.3347253730189]"
ST. ANTHONYS CANOSSIAN SECONDARY SCHOOL,SAINT ANTHONYS CANOSSIAN SECONDARY SCHOOL,1.334663135,103.9419772,"[103.941977166932, 1.33466313498855]"
ST. ANTHONYS PRIMARY SCHOOL,SAINT ANTHONYS CANOSSIAN PRIMARY SCHOOL,1.334725373,103.9412349,"[103.941234868202, 1.3347253730189]"
ST. GABRIELS PRIMARY SCHOOL,SAINT GABRIELS PRIMARY SCHOOL,1.349471927,103.862561,"[103.862561037707, 1.34947192653862]"
ST. GABRIELS SECONDARY SCHOOL,SAINT GABRIELS SECONDARY SCHOOL,1.346487987,103.8760942,"[103.876094163287, 1.34648798732177]"
ST. HILDAS PRIMARY SCHOOL,SAINT HILDAS PRIMARY SCHOOL,1.34938565,103.9370071,"[103.937007133662, 1.34938565036336]"
ST. HILDAS SECONDARY SCHOOL,SAINT HILDAS SECONDARY SCHOOL,1.349739224,103.937608,"[103.937608032148, 1.34973922385379]"
ST. JOSEPHS INSTITUTION,FORMER SAINT JOSEPHS INSTITUTION,1.297257599,103.8510236,"[103.851023580389, 1.29725759853987]"
ST. JOSEPHS INSTITUTION JUNIOR,MORNING STAR COMMUNITY SERVICES (ST JOSEPHS INSTITUTION JUNIOR),1.317814761,103.8456333,"[103.845633334522, 1.31781476118551]"
ST. MARGARETS SCHOOL (PRIMARY),SAINT MARGARETS PRIMARY SCHOOL,1.324391503,103.8816248,"[103.881624837373, 1.32439150290682]"
ST. MARGARETS SCHOOL (SECONDARY),SAINT MARGARETS SCHOOL (SECONDARY),1.320068214,103.8099511,"[103.80995114006, 1.32006821363359]"
ST. PATRICKS SCHOOL,SAINT PATRICKS SCHOOL,1.307683931,103.9167684,"[103.916768445926, 1.30768393050916]"
ST. STEPHENS SCHOOL,SAINT STEPHENS SCHOOL,1.318789973,103.9172581,"[103.917258129598, 1.31878997295135]"
SWISS COTTAGE SECONDARY SCHOOL,SWISS COTTAGE SECONDARY SCHOOL,1.364717427,103.7503961,"[103.750396136688, 1.36471742697475]"
TAMPINES MERIDIAN JUNIOR COLLEGE,TAMPINES MERIDIAN JUNIOR COLLEGE,1.376333469,103.9369907,"[103.936990723441, 1.37633346909682]"
TAMPINES NORTH PRIMARY SCHOOL,TAMPINES NORTH PRIMARY SCHOOL,1.360476415,103.9487258,"[103.948725782833, 1.36047641484682]"
TAMPINES PRIMARY SCHOOL,AMP-MERCU STUDENT CARE CENTRE @ TAMPINES PRIMARY SCHOOL,1.350486395,103.9435731,"[103.943573098509, 1.3504863946694]"
TAMPINES SECONDARY SCHOOL,TAMPINES SECONDARY SCHOOL,1.349260948,103.9442637,"[103.944263709507, 1.34926094811197]"
TANJONG KATONG GIRLS SCHOOL,TANJONG KATONG GIRLS SCHOOL,1.308212746,103.8958201,"[103.895820094229, 1.30821274627283]"
TANJONG KATONG PRIMARY SCHOOL,AFTERSCHOOL @ TANJONG KATONG PRIMARY SCHOOL,1.30498489,103.9,"[103.899999965407, 1.30498489044822]"
TANJONG KATONG SECONDARY SCHOOL,TANJONG KATONG SECONDARY SCHOOL,1.30873516,103.8972252,"[103.897225196199, 1.30873515955341]"
TAO NAN SCHOOL,FORMER TAO NAN SCHOOL,1.294332105,103.8490262,"[103.849026157822, 1.2943321052493]"
TECK GHEE PRIMARY SCHOOL,TECK GHEE PRIMARY SCHOOL,1.365587821,103.8509571,"[103.850957126982, 1.36558782075966]"
TECK WHYE PRIMARY SCHOOL,TECK WHYE PRIMARY SCHOOL,1.383649968,103.7532919,"[103.753291857016, 1.38364996834457]"
TELOK KURAU PRIMARY SCHOOL,TELOK KURAU PRIMARY SCHOOL,1.331045854,103.910934,"[103.910934011337, 1.33104585441349]"
TEMASEK JUNIOR COLLEGE,TEMASEK JUNIOR COLLEGE,1.318461906,103.935598,"[103.935597970089, 1.31846190599674]"
TEMASEK PRIMARY SCHOOL,TEMASEK PRIMARY SCHOOL,1.317706776,103.9455907,"[103.945590669163, 1.31770677551333]"
TEMASEK SECONDARY SCHOOL,TEMASEK SECONDARY SCHOOL,1.315916732,103.9475641,"[103.947564112022, 1.31591673150616]"
TOWNSVILLE PRIMARY SCHOOL,TOWNSVILLE PRIMARY SCHOOL,1.360032637,103.853826,"[103.853826048327, 1.36003263746623]"
UNITY PRIMARY SCHOOL,UNITY PRIMARY SCHOOL,1.402854819,103.7468226,"[103.746822625758, 1.40285481877246]"
UNITY SECONDARY SCHOOL,UNITY SECONDARY SCHOOL,1.400015241,103.7460209,"[103.74602091483, 1.40001524119441]"
VALOUR PRIMARY SCHOOL,VALOUR PRIMARY SCHOOL,1.406835702,103.8990781,"[103.899078139493, 1.40683570215319]"
VICTORIA JUNIOR COLLEGE,VICTORIA JUNIOR COLLEGE,1.306701742,103.9199827,"[103.919982704149, 1.30670174177479]"
VICTORIA SCHOOL,VICTORIA SCHOOL,1.308308039,103.9281975,"[103.928197539607, 1.30830803913148]"
WATERWAY PRIMARY SCHOOL,WATERWAY PRIMARY SCHOOL,1.398828006,103.9186216,"[103.918621581556, 1.39882800626578]"
WELLINGTON PRIMARY SCHOOL,WELLINGTON PRIMARY SCHOOL,1.451920192,103.8223037,"[103.822303719094, 1.45192019155475]"
WEST GROVE PRIMARY SCHOOL,WEST GROVE PRIMARY SCHOOL,1.344879056,103.6992864,"[103.699286360581, 1.3448790560014]"
WEST SPRING PRIMARY SCHOOL,WEST SPRING PRIMARY SCHOOL,1.389441459,103.7661957,"[103.766195711835, 1.38944145898943]"
WEST SPRING SECONDARY SCHOOL,WEST SPRING SECONDARY SCHOOL,1.387822833,103.7601288,"[103.760128840155, 1.38782283303782]"
WEST VIEW PRIMARY SCHOOL,WEST VIEW PRIMARY SCHOOL,1.38367582,103.7602404,"[103.760240434318, 1.3836758200336]"
WESTWOOD PRIMARY SCHOOL,WESTWOOD PRIMARY SCHOOL,1.347184566,103.7005342,"[103.70053420978, 1.34718456606375]"
WESTWOOD SECONDARY SCHOOL,WESTWOOD SECONDARY SCHOOL,1.353736985,103.7017721,"[103.701772102139, 1.35373698510994]"
WHITE SANDS PRIMARY SCHOOL,WHITE SANDS PRIMARY SCHOOL,1.365557147,103.9609189,"[103.960918869319, 1.36555714668553]"
WHITLEY SECONDARY SCHOOL,WHITLEY SECONDARY SCHOOL,1.355052085,103.8425524,"[103.842552378136, 1.35505208480649]"
WOODGROVE PRIMARY SCHOOL,COMMIT LEARNING SCHOOLHOUSE @ WOODGROVE PRIMARY SCHOOL,1.432736207,103.7902303,"[103.79023031392, 1.43273620725049]"
WOODGROVE SECONDARY SCHOOL,WOODGROVE SECONDARY SCHOOL,1.428318281,103.7960476,"[103.79604758539, 1.42831828137013]"
WOODLANDS PRIMARY SCHOOL,COMMIT LEARNING SCHOOLHOUSE @ WOODLANDS PRIMARY SCHOOL,1.436582707,103.7917913,"[103.791791282236, 1.43658270720199]"
WOODLANDS RING PRIMARY SCHOOL,WOODLANDS RING PRIMARY SCHOOL,1.434952293,103.7974357,"[103.797435733144, 1.43495229315857]"
WOODLANDS RING SECONDARY SCHOOL,WOODLANDS RING SECONDARY SCHOOL,1.436488947,103.8001485,"[103.800148469692, 1.43648894729939]"
WOODLANDS SECONDARY SCHOOL,WOODLANDS SECONDARY SCHOOL,1.439125281,103.7745864,"[103.774586410437, 1.43912528141356]"
XINGHUA PRIMARY SCHOOL,XINGHUA PRIMARY SCHOOL,1.357908936,103.8904729,"[103.890472887906, 1.35790893589535]"
XINGNAN PRIMARY SCHOOL,XINGNAN PRIMARY SCHOOL,1.342547449,103.6879503,"[103.687950252103, 1.34254744877694]"
XINMIN PRIMARY SCHOOL,XINMIN PRIMARY SCHOOL,1.371395489,103.8830808,"[103.883080767491, 1.37139548941931]"
XINMIN SECONDARY SCHOOL,XINMIN SECONDARY SCHOOL,1.372558847,103.8830516,"[103.88305161385, 1.37255884700002]"
XISHAN PRIMARY SCHOOL,XISHAN PRIMARY SCHOOL,1.433471869,103.8377553,"[103.837755319448, 1.43347186925064]"
YANGZHENG PRIMARY SCHOOL,YANGZHENG PRIMARY SCHOOL,1.348645758,103.8685955,"[103.868595527042, 1.34864575840923]"
YEW TEE PRIMARY SCHOOL,YEW TEE PRIMARY SCHOOL,1.396766009,103.750986,"[103.750985967346, 1.39676600905037]"
YIO CHU KANG PRIMARY SCHOOL,YIO CHU KANG PRIMARY SCHOOL,1.377932643,103.8856437,"[103.885643682171, 1.37793264345276]"
YIO CHU KANG SECONDARY SCHOOL,YIO CHU KANG SECONDARY SCHOOL,1.377975977,103.842137,"[103.84213696352, 1.37797597740925]"
YISHUN INNOVA JUNIOR COLLEGE,YISHUN INNOVA JUNIOR COLLEGE,1.424266926,103.8300317,"[103.83003171149, 1.42426692572335]"
YISHUN PRIMARY SCHOOL,YISHUN PRIMARY SCHOOL,1.43338603,103.8340871,"[103.834087115915, 1.43338602975674]"
YISHUN SECONDARY SCHOOL,YISHUN SECONDARY SCHOOL,1.428133243,103.8287643,"[103.828764316679, 1.42813324276086]"
YISHUN TOWN SECONDARY SCHOOL,YISHUN TOWN SECONDARY SCHOOL,1.432321567,103.8380942,"[103.838094226361, 1.43232156717386]"
YU NENG PRIMARY SCHOOL,YU NENG PRIMARY SCHOOL,1.333889303,103.9321449,"[103.932144857355, 1.33388930344069]"
YUAN CHING SECONDARY SCHOOL,YUAN CHING SECONDARY SCHOOL,1.342006358,103.7208987,"[103.72089870437, 1.34200635764467]"
YUHUA PRIMARY SCHOOL,YUHUA PRIMARY SCHOOL,1.342802305,103.7411058,"[103.741105772644, 1.34280230475033]"
YUHUA SECONDARY SCHOOL,YUHUA SECONDARY SCHOOL,1.347186269,103.7226872,"[103.722687235839, 1.34718626876968]"
YUMIN PRIMARY SCHOOL,YUMIN PRIMARY SCHOOL,1.351291777,103.9504619,"[103.950461927088, 1.35129177656981]"
YUSOF ISHAK SECONDARY SCHOOL,YUSOF ISHAK SECONDARY SCHOOL,1.406937025,103.8962751,"[103.896275149571, 1.40693702458178]"
YUYING SECONDARY SCHOOL,YUYING SECONDARY SCHOOL,1.357135953,103.8901948,"[103.890194755287, 1.35713595302467]"
ZHANGDE PRIMARY SCHOOL,ZHANGDE PRIMARY SCHOOL,1.284211533,103.8259519,"[103.825951875662, 1.28421153335379]"
ZHENGHUA PRIMARY SCHOOL,ZHENGHUA PRIMARY SCHOOL,1.379548875,103.7693135,"[103.769313521752, 1.37954887512229]"
ZHENGHUA SECONDARY SCHOOL,ZHENGHUA SECONDARY SCHOOL,1.388365834,103.7655106,"[103.765510638527, 1.38836583415352]"
ZHONGHUA PRIMARY SCHOOL,ZHONGHUA PRIMARY SCHOOL,1.360203297,103.8697624,"[103.869762438084, 1.36020329705047]"
ZHONGHUA SECONDARY SCHOOL,ZHONGHUA SECONDARY SCHOOL,1.348407208,103.8694305,"[103.869430481414, 1.34840720846208]"
